Experiment Name	Sample ID	Region	Protocol	Gene Panel	RIN	BICAN Experiment ID	MERFISH Experiment ID	Experiment Start Date	MERFISH Cells #	Median Transcripts per Cell	Median Gene per Cell	Mean tranx/FOV from Instrument	Counts/FOV adjusted to match M1	Instrument	BIL Path	Experiment Notes	Imaging Duration (hrs)	Analysis duration (hrs)	Tranfer to NAS duration (hrs)	Total Size of Exp (TB)	Data Location				for formatting (can ignore)
20240126M133UWA7648CX22PuS2	UWA.7648.CX22.Pu	Pu	v1 Fresh frozen (FF)	500 CP1403	7.0	REN001	M133	1/22/2024	58,799	32	23	6,323	6,323	Cantaloupe		* The following were using Vizgen's original 37C Fixation temperature:					Cantaloupe Z Drive, merfish13				2
20240126M134UWA7648CX22PuS6	UWA.7648.CX22.Pu	Pu	v1 FF	500 CP1403	7.0	REN002	M134	1/22/2024	61,204	29	20	6,182	6,182	Watermelon		Unless specified otherwise					Watermelon Z Drive, merfish12				3
20240202M135BICANRen3	UWA.7648.CX17.CaH	CaH	v1 FF	500 CP1403	7.4	REN003	M135	1/29/2024	98,903	53	34	8,374	8,374	Watermelon							Watermelon Z Drive, merfish12				4
20240209M138BICANRen4	UWA.7648.CX20.CaB	CaB	v1 FF	500 CP1403	6.3	REN004	M138	2/5/2024	88,619	23	17	4,256	4,256	Cantaloupe							Cantaloupe Z Drive, merfish13				5
20240216M139BICANRen5	UWA.7648.CX26.EC	EC	v1 FF	500 CP1403	6.4	REN005	M139	2/12/2024	55,380	33	24	3,417	3,417	Watermelon							Watermelon Z Drive, merfish16				6
20240223M140BICANRen6	UWA.7648.CX21.EC	EC	v1 FF	500 CP1403	6.3	REN006	M140	2/20/2024	63,821	29	21	3,352	3,352	Cantaloupe							Cantaloupe Z Drive, merfish15				7
20240223M141BICANRen7	UWA.7648.CX23.THM.01	THM	v1 FF	500 CP1403	7.1	REN007	M141	2/20/2024	85,227	17	13	1,120	1,120	Watermelon							Watermelon Z Drive, merfish16				8
20240229M143BICANRen8	UWA.7648.CX24.M1C	M1C	v1 FF	500 CP1403	7.5	REN008	M143	2/26/2024	65,175	217	85	16,066	16,066	Cantaloupe							Cantaloupe Z Drive, merfish15				9
20240229M144BICANRen9	UWA.7648.CX10.A46	A46	v1 FF	500 CP1403	7.7	REN009	M144	2/26/2024	81,220	252	99	20,287	20,287	Watermelon							Watermelon Z Drive, merfish16				10
20240308M148BICANRen10	UWA.7648.CX41.V1C	V1C	v1 FFPE+FF	500 CP1403	6.1	REN010	M148	3/4/2024	107,139	95	58	19,929	19,929	Watermelon							Watermelon Z Drive, merfish16				11
20240308M149BICANRen11 	UWA.7648.CX31.PPHC	PPHC	v1 FFPE+FF	500 CP1403	6.7	REN011	M149	3/4/2024	116,156	138	68	17,308	17,308	Watermelon							Watermelon Z Drive, merfish16				12
20240322M153BICANRen12	UWA.7648.CX04.A10(m)	A10	v1 FFPE+FF	500 CP1403	7.5	REN012	M153	3/13/2024	84,988	114	62	12,429	12,429	Cantaloupe							Cantaloupe Z Drive, merfish15				13
20240322M154BICANRen13	UWA.7648.CX07.A9	A9	v1 FFPE+FF	500 CP1403	7.8	REN013	M154	3/15/2024	105,421	213	95	24,781	24,781	Watermelon							Watermelon Z Drive, merfish16 (auto)				14
20240407M155BICANRen14	UWA.7648.CX22.Pu.R1	Pu	v1 FFPE+FF	500 CP1403	7.0	REN014	M155	3/19/2024	81,692	57	39	12,537	12,537	Honeydew		Putamen repeat with new FFPE+FF protocol, region chosen by Tati					Honeydew Z Drive, merfish14 (auto)				15
20240407M156BICANRen15	UWA.7648.CX18.A8	A8	v1 FFPE+FF	500 CP1403	7.1	REN015	M156	3/27/2024	55,523	83	47	6,710	6,710	Watermelon							Watermelon Z Drive, merfish16 (auto)				16
20240408M157BICANRen16	UWA.7648.CX17.A44	A44	v1 FFPE+FF	500 CP1403	6.9	REN016	M157	3/29/2024	58,731	210	96	16,927	16,927	Honeydew							Honeydew Z Drive, merfish14 (no-auto)				17
20240408M158BICANRen17	UWA.7648.CX23.THM.01.R1	THM	v1 FFPE+FF	500 CP1403	7.1	REN017	M158	3/26/2024	123,518	24	19	2,198	2,198	Watermelon							Watermelon Z Drive, merfish16 (auto)				18
20240503M165BICANRen18	UWA.7648.CX22.Pu.R2	Pu	v1 FFPE+FF	500 CP1403	7.0	REN018	M165	4/23/2024	39,214	45	31	9,256	9,256	Honeydew		Putamen repeats with new FFPE+FF protocol AND 1:2500 RNase inhibitor added during permeabilization and transportation, region chosen by Tati					Honeydew Z Drive, merfish14 (auto)				19
20240511M167BICANRen19	UWA.7648.CX22.Pu.R2	Pu	v1 FFPE+FF	500 CP1403	7.0	REN019	M167	4/23/2024	38,923	39	28	8,071	8,071	Watermelon		Putamen repeats with new FFPE+FF protocol AND 1:2500 RNase inhibitor added during permeabilization and transportation, region chosen by Tati					Watermelon Z Drive, merfish16 (auto)				20
20240524M168BICANRen20	UWA.7648.CX20.CaB, 37C Fixation	CaB	v1 FFPE+FF	500 CP1403	6.3	REN020	M168	5/9/2024	51,252	36	27	6,551	6,551	Honeydew		37C Fixation, CaB region chosen by Tati					Honeydew Z Drive, merfish14 (auto)				21
20240524M169BICANRen21	UWA.7648.CX20.CaB, 47C Fixation	CaB	v1 FFPE+FF	500 CP1403	6.3	REN021	M169	5/9/2024	46,703	25	19	11,211	11,211	Watermelon		47C Fixation: New Vizgen recommendation for fixation temp., CaB region chosen by Tati					Watermelon Z Drive, merfish16 (auto)				22
20240722M176BICANRen22	UCI.4723.CX07.A46, 47C Fixation	A46	v1 FFPE+FF	500 CP1403	7.3	REN022	M176	7/18/2024	29,144	104	56	9,801	9,801	Cantaloupe		47C Fixation, BRAIN2					Cantaloupe Z Drive, merfish15				23
20240722M177BICANRen23	UCI.4723.CX16.Pu, 47C Fixation	Pu	v1 FFPE+FF	500 CP1403	5.9	REN023	M177	7/18/2024	23,325	28	22	5,039	5,039	Honeydew		47C Fixation, BRAIN2					Honeydew Z Drive, merfish14				24
202405211218_HumanBrain-FF-UCSD-CP1403-PU-RC_VMSC03501_new	UWA.7648.CX22.Pu	Pu	v1 FFPE+FF	500 CP1403	7.0	VIZ001	V001	5/21/2024	39,004	92	58	18,431	18,431	N/A	/bil/lz/boonee/f7dfeadb26016253	47C 30min hot fixation and FFPE sample prep protocol					merfish15/volume1/Public/MERSCOPE/vizgen_MERSCOPE				25
202405211220_HuBrain-FF-UCSD-CP1403-A46-RC_VMSC00701_new	UWA.7648.CX10.A46	A46	v1 FFPE+FF	500 CP1403	7.7	VIZ002	V002	5/21/2024	39,168	454	150	35,494	35,494	N/A	/bil/lz/boonee/f7dfeadb26016253	47C 30min hot fixation and FFPE sample prep protocol					merfish15/volume1/Public/MERSCOPE/vizgen_MERSCOPE				26
202408312252_240827JHCX100204E4-UCSD-CX10-C2P1403-LH_VMSC12502	UWA.7648.CX10.A46	A46	v2 FF	500 C2P1403	7.7	VIZ003	V003	9/1/2024	46,805	563	168	55,561	55,561	N/A	/bil/lz/boonee/f7dfeadb26016253	47C Fixation, v2 C2P1403, 1X, clearing solution 2hrs					merfish15/volume1/Public/MERSCOPE/vizgen_MERSCOPE				27
202409091924_240904JHCX220206G8-HuBrain-CX22-37C-LH_VMSC12502	UWA.7648.CX22.Pu	Pu	v2 FF	500 C2P1403	7.0	VIZ004	V004	9/9/2024	47,320	111	65	29,628	29,628	N/A	/bil/lz/boonee/f7dfeadb26016253	37C hot fixation for 1hr, v2 C2P1403, Slide 1					merfish15/volume1/Public/MERSCOPE/vizgen_MERSCOPE				28
202409111637_240904JHCX22021L4G--HuBrain-CX22-LH_VMSC11802	UWA.7648.CX22.Pu	Pu	v2 FF	500 C2P1403	7.0	VIZ005	V005	9/11/2024	38,465	141	77	28,422	28,422	N/A	/bil/lz/boonee/f7dfeadb26016253	47C Fixation, C2P1403, clearing 2 days, Slide 2					merfish15/volume1/Public/MERSCOPE/vizgen_MERSCOPE				29
202409291800_240925JHUWA0172DP-BICAN-CX23-V2-LH_VMSC12502	UWA.7648.CX23.THM.01	THM	v2 FF	500 C2P1403	7.1	VIZ006	V006	9/29/2024	60,075	218	102	33,918	33,918	N/A	/bil/lz/boonee/f7dfeadb26016253	47C Fixation, C2P1403 1st copy					merfish15/volume1/Public/MERSCOPE/vizgen_MERSCOPE				30
202409301818_240925JHUWA018E74-BICAN-CX23-V2-LH_VMSC12502	UWA.7648.CX23.THM.01	THM	v2 FF	500 C2P1403	7.1	VIZ007	V007	9/30/2024	57,662	251	112	35,905	35,905	N/A	/bil/lz/boonee/f7dfeadb26016253	47C Fixation, C2P1403 2nd copy, in clearing solution for 2 days.					merfish15/volume1/Public/MERSCOPE/vizgen_MERSCOPE				31
202411231816_241118JHCX2303EK3-BICAN-VS262-2006-LH_VMSC18710/region1	UWA.7648.CX10.A46	A46	v2	1000 D2M2006	7.7	VIZ008	V008	11/18/24	44,404	176	84	77,345	39,462	VizgenUltra	/bil/lz/boonee/f7dfeadb26016253		40	33			merfish15/volume1/Public/MERSCOPE/vizgen_MERSCOPE				32
202411231816_241118JHCX2303EK3-BICAN-VS262-2006-LH_VMSC18710/region2	UWA.7648.CX22.Pu	Pu	v2	1000 D2M2006	7.0	VIZ008	V008	11/18/24	32,393	53	18	40,202	20,511	VizgenUltra	/bil/lz/boonee/f7dfeadb26016253		40	33			merfish15/volume1/Public/MERSCOPE/vizgen_MERSCOPE				32
202411231816_241118JHCX2303EK3-BICAN-VS262-2006-LH_VMSC18710/region3	UWA.7648.CX23.THM.01	THM	v2	1000 D2M2006	7.1	VIZ008	V008	11/18/24	49,499	113	71	59,786	30,503	VizgenUltra	/bil/lz/boonee/f7dfeadb26016253		40	33			merfish15/volume1/Public/MERSCOPE/vizgen_MERSCOPE				32
20250228M189BICANRen24	UWA.7648.CX17.Pu	Pu	v2	1000 D2M2006	7.5	REN024	M189	2/24/2025	28,527	85	57	22,749	11,606	WatermelonUltra		Ecker Lab Slide 1, Ren24 was gel-embedded twice (by Salk) due to small bubble formation during post-enhancer hyb wash on this donor	41	39	12	5.735	merfish16				33
20250228M189BICANRen24	UCI.4723.CX19.Pu	Pu	v2	1000 D2M2006	6.4	REN024	M189	2/24/2025	40,398	18	15	6,650	3,393	WatermelonUltra		Ecker Lab Slide 1	41	39	12	5.735	merfish16				33
20250228M189BICANRen24	UCI.2424.CX12.Pu	Pu	v2	1000 D2M2006	6.6	REN024	M189	2/24/2025	27,803	71	50	18,979	9,683	WatermelonUltra		Ecker Lab Slide 1	41	39	12	5.735	merfish16				33
20250228M189BICANRen24	UCI.5224.CX15.Pu	Pu	v2	1000 D2M2006	8.2	REN024	M189	2/24/2025	48,354	206	110	52,698	26,887	WatermelonUltra		Ecker Lab Slide 1	41	39	12	5.735	merfish16				33
20250330M190BICANRen25	UWA.7648.CX07.A9	A9	v2	1000 D2M2006	7.8	REN025	M190	3/26/2025	40,347	163	102	53,538	27,315	HoneydewUltra	/bil/lz/boonee/b85d5fb2bbbad2dc	REN025 had issue where analysis was very slow, leading to extremely long Transfer to NAS duration, but it was a normal experiment in general	48	167	239	4.4	HoneydewUltra, merfish14				34
20250330M190BICANRen25	UCI.4723.CX06.A9	A9	v2	1000 D2M2006	7.4	REN025	M190	3/26/2025	39,803	68	51	25,946	13,238	HoneydewUltra	/bil/lz/boonee/b85d5fb2bbbad2dc		48	167	239	4.4	HoneydewUltra, merfish14				34
20250330M190BICANRen25	UCI.2424.CX09.A9	A9	v2	1000 D2M2006	6.3	REN025	M190	3/26/2025	43,691	113	77	35,298	18,009	HoneydewUltra	/bil/lz/boonee/b85d5fb2bbbad2dc		48	167	239	4.4	HoneydewUltra, merfish14				34
20250330M190BICANRen25	UCI.5224.CX09.A9	A9	v2	1000 D2M2006	7.6	REN025	M190	3/26/2025	38,908	224	125	50,845	25,941	HoneydewUltra	/bil/lz/boonee/b85d5fb2bbbad2dc		48	167	239	4.4	HoneydewUltra, merfish14				34
20250412M192BICANRen26	UWA.7648.CX07.A9	A9	v2	1000 D2M2006	7.8	REN026	M192	4/8/2025	30,149	45	35	12,179	6,214	WatermelonUltra	/bil/lz/boonee/b85d5fb2bbbad2dc	Repeat of REN025 (A9)	40	78	43	5.02	WatermelonUltra, merfish16				35
20250412M192BICANRen26	UCI.4723.CX06.A9	A9	v2	1000 D2M2006	7.4	REN026	M192	4/8/2025	23,401	92	62	23,184	11,829	WatermelonUltra	/bil/lz/boonee/b85d5fb2bbbad2dc	Y:\MERSCOPE\output\202504121045_20250412M192BICANRen26_VMSC32110\region_UCI2424A9E03	40	78	43	5.02	WatermelonUltra, merfish16				35
20250412M192BICANRen26	UCI.2424.CX09.A9	A9	v2	1000 D2M2006	6.3	REN026	M192	4/8/2025	32,550	33	26	11,129	5,678	WatermelonUltra	/bil/lz/boonee/b85d5fb2bbbad2dc		40	78	43	5.02	WatermelonUltra, merfish16				35
20250412M192BICANRen26	UCI.5224.CX09.A9	A9	v2	1000 D2M2006	7.6	REN026	M192	4/8/2025	15,790	86	57	10,432	5,322	WatermelonUltra	/bil/lz/boonee/b85d5fb2bbbad2dc		40	78	43	5.02	WatermelonUltra, merfish16				35
20250419M193BICANRen27	UWA.7648.CX11.A46	A46	v2	1000 D2M2006	7.7	REN027	M193	4/15/2025	33,270	178	101	34,776	17,743	HoneydewUltra	/bil/lz/boonee/29dee86a352b6127		47:38:00	46	43	6.87	HoneydewUltra, merfish14				36
20250419M193BICANRen27	UCI.4723.CX07.A46	A46	v2	1000 D2M2006	7.3	REN027	M193	4/15/2025	29,326	143	87	28,624	14,604	HoneydewUltra	/bil/lz/boonee/29dee86a352b6127		47:38:00	46	43	6.87	HoneydewUltra, merfish14				36
20250419M193BICANRen27	UCI.2424.CX06.A46	A46	v2	1000 D2M2006	6.6	REN027	M193	4/15/2025	23,033	107	72	14,409	7,351	HoneydewUltra	/bil/lz/boonee/29dee86a352b6127	UCI2424 had lots of tissue detachment	47:38:00	46	43	6.87	HoneydewUltra, merfish14				36
20250419M193BICANRen27	UCI.5224.CX09.A46	A46	v2	1000 D2M2006	7.4	REN027	M193	4/15/2025	43,509	217	121	39,856	20,335	HoneydewUltra	/bil/lz/boonee/29dee86a352b6127		47:38:00	46	43	6.87	HoneydewUltra, merfish14				36
20250516M196BICANRen28	UWA.7648.CX24.M1C	M1C	v2	1000 D2M2006	8.1	REN028	M196	3/24/2025	Failed experiment: "…focusing issues were likely caused by a limitation in the software configuration"; Deleted experiment					HoneydewUltra											37
20250516M196BICANRen28	UCI.4723.CX21.M1C	M1C	v2	1000 D2M2006	5.9	REN028	M196	3/24/2025						HoneydewUltra											37
20250516M196BICANRen28	UCI.2424.CX18.M1C	M1C	v2	1000 D2M2006	6.9	REN028	M196	3/24/2025						HoneydewUltra											37
20250516M196BICANRen28	UCI.5224.CX20.M1C	M1C	v2	1000 D2M2006	8.2	REN028	M196	3/24/2025						HoneydewUltra											37
20250519M197BICANRen29	UWA.7648.CX18.A8	A8	v2	1000 D2M2006	7.1	REN029	M197	5/19/2025	24,552	129	83	22,488	11,473	WatermelonUltra	/bil/lz/boonee/8360b194844e9f0e	Transferred to NAS manually	46	44	Manual	7.311	merfish16				38
20250519M197BICANRen29	UCI.4723.CX13.A8	A8	v2	1000 D2M2006	6.1	REN029	M197	5/19/2025	33,401	32	25	9,163	4,675	WatermelonUltra	/bil/lz/boonee/8360b194844e9f0e		46	44	Manual	7.311	merfish16				38
20250519M197BICANRen29	UCI.2424.CX12.A8	A8	v2	1000 D2M2006	6.2	REN029	M197	5/19/2025	32,143	68	50	18,687	9,534	WatermelonUltra	/bil/lz/boonee/8360b194844e9f0e		46	44	Manual	7.311	merfish16				38
20250519M197BICANRen29	UCI.5224.CX13.A8	A8	v2	1000 D2M2006	8.2	REN029	M197	5/19/2025	38,803	133	82	34,593	17,649	WatermelonUltra	/bil/lz/boonee/8360b194844e9f0e		46	44	Manual	7.311	merfish16				38
20250523M198BICANRen30	UWA.7648.CX41.V1C	V1C	v2	1000 D2M2006	6.1	REN030	M198	5/23/2025	40,278	79	54	21,087	10,759	HoneydewUltra	/bil/lz/boonee/d890cb070c7a58ab 	Transferred to NAS manually	43	40	Manual	6.787	HoneydewUltra, merfish14				39
20250523M198BICANRen30	UCI.4723.CX40.V1C	V1C	v2	1000 D2M2006	4.9	REN030	M198	5/23/2025	29,315	31	26	8,139	4,153	HoneydewUltra	/bil/lz/boonee/d890cb070c7a58ab 		43	40	Manual	6.787	HoneydewUltra, merfish14				39
20250523M198BICANRen30	UCI.2424.CX31.V1C	V1C	v2	1000 D2M2006	4.1	REN030	M198	5/23/2025	32,144	27	23	8,312	4,241	HoneydewUltra	/bil/lz/boonee/d890cb070c7a58ab 		43	40	Manual	6.787	HoneydewUltra, merfish14				39
20250523M198BICANRen30	UCI.5224.CX35.V1C	V1C	v2	1000 D2M2006	8.1	REN030	M198	5/23/2025	44,265	243	121	46,236	23,590	HoneydewUltra	/bil/lz/boonee/d890cb070c7a58ab 		43	40	Manual	6.787	HoneydewUltra, merfish14				39
20250523M199BICANRen31	UWA.7648.CX24.M1C	M1C	v2	1000 D2M2006	8.1	REN031	M199	5/23/2025	36,884	191	107	40,391	20,607	WatermelonUltra	/bil/lz/boonee/62507338d27adc92		47	44	43	7.188	merfish16				40
20250523M199BICANRen31	UCI.4723.CX21.M1C	M1C	v2	1000 D2M2006	5.9	REN031	M199	5/23/2025	32,862	61	45	19,863	10,134	WatermelonUltra	/bil/lz/boonee/62507338d27adc92		47	44	43	7.188	merfish16				40
20250523M199BICANRen31	UCI.2424.CX18.M1C	M1C	v2	1000 D2M2006	6.9	REN031	M199	5/23/2025	30,760	60	45	14,948	7,626	WatermelonUltra	/bil/lz/boonee/62507338d27adc92		47	44	43	7.188	merfish16				40
20250523M199BICANRen31	UCI.5224.CX20.M1C	M1C	v2	1000 D2M2006	8.2	REN031	M199	5/23/2025	39,727	114	75	36,932	18,843	WatermelonUltra	/bil/lz/boonee/62507338d27adc92		47	44	43	7.188	merfish16				40
20250531M200BICANRen32	UWA.7648.CX22.MTC	MTC	v2	1000 D2M2006	7.9	REN032	M200	5/13/2025	22,643	243	135	41,483	21,165	HoneydewUltra	/bil/lz/boonee/842df2d3d57a6648	This one is redone later (Ren72)			37		HoneydewUltra				41
20250531M200BICANRen32	UCI.4723.CX18.MTC	MTC	v2	1000 D2M2006	7.1	REN032	M200	5/13/2025	26,818	142	91	28,589	14,586	HoneydewUltra	/bil/lz/boonee/842df2d3d57a6648				37		HoneydewUltra				41
20250531M200BICANRen32	UCI.2424.CX17.MTC	MTC	v2	1000 D2M2006	6.2	REN032	M200	5/13/2025	25,415	74	56	16,022	8,175	HoneydewUltra	/bil/lz/boonee/842df2d3d57a6648				37		HoneydewUltra				41
20250531M200BICANRen32	UCI.5224.CX16.MTC	MTC	v2	1000 D2M2006	7.9	REN032	M200	5/13/2025	34,332	110	75	34,500	17,602	HoneydewUltra	/bil/lz/boonee/842df2d3d57a6648				37		HoneydewUltra				41
20250615M202BICANRen33	UWA.7648.CX08.A32.02	A32	v2	1000 D2M2006	7.5	REN033	M202	5/22/2025	27110	245	140	41,020	20,928	HoneydewUltra	/bil/lz/boonee/e7eba154eb8aa036						HoneydewUltra				42
20250615M202BICANRen33	UCI.4723.CX04.A32	A32	v2	1000 D2M2006	6.9	REN033	M202	5/22/2025	26064	117	79	40,136	20,477	HoneydewUltra	/bil/lz/boonee/e7eba154eb8aa036						HoneydewUltra				42
20250615M202BICANRen33	UCI.2424.CX09.A32	A32	v2	1000 D2M2006	6.6	REN033	M202	5/22/2025	21808	189	115	25,947	13,238	HoneydewUltra	/bil/lz/boonee/e7eba154eb8aa036						HoneydewUltra				42
20250615M202BICANRen33	UCI.5224.CX08.A32	A32	v2	1000 D2M2006	7.9	REN033	M202	5/22/2025	24670	291	159	60,528	30,882	HoneydewUltra	/bil/lz/boonee/e7eba154eb8aa036						HoneydewUltra				42
20250616M203BICANRen34	UWA.7648.CX13.A24	A24	v2	1000 D2M2006	7.1	REN034	M203	5/20/2025	33473	140	92	29,983	15,298	WatermelonUltra	/bil/lz/boonee/72f6bda7d812e6e8		37	31	39		WatermelonUltra				43
20250616M203BICANRen34	UCI.4723.CX07.A24	A24	v2	1000 D2M2006	6.1	REN034	M203	5/20/2025	30074	80	57	24,443	12,471	WatermelonUltra	/bil/lz/boonee/72f6bda7d812e6e8		37	31	39		WatermelonUltra				43
20250616M203BICANRen34	UCI.2424.CX12.A24	A24	v2	1000 D2M2006	6.2	REN034	M203	5/20/2025	8558	128	86	22,166	11,309	WatermelonUltra	/bil/lz/boonee/72f6bda7d812e6e8		37	31	39		WatermelonUltra				43
20250616M203BICANRen34	UCI.5224.CX08.A24	A24	v2	1000 D2M2006	7.9	REN034	M203	5/20/2025	17922	91	66	32,009	16,331	WatermelonUltra	/bil/lz/boonee/72f6bda7d812e6e8		37	31	39		WatermelonUltra				43
20250619M204BICANRen35	UWA.7648.CX17.CaH	CaH	v2	1000 D2P2238	7.8	REN035	M204	6/10/2025	61,209	248	129	63,438	32,366	HoneydewUltra	/bil/lz/boonee/6dc297e03f3f8590						HoneydewUltra				44
20250619M204BICANRen35	UCI.4723.CX12.CaH	CaH	v2	1000 D2P2238	7.2	REN035	M204	6/10/2025	47,336	184	106	62,136	31,702	HoneydewUltra	/bil/lz/boonee/6dc297e03f3f8590						HoneydewUltra				44
20250619M204BICANRen35	UCI.2424.CX12.CaH	CaH	v2	1000 D2P2238	8.0	REN035	M204	6/10/2025	38,574	179	102	38,833	19,813	HoneydewUltra	/bil/lz/boonee/6dc297e03f3f8590						HoneydewUltra				44
20250619M204BICANRen35	UCI.5224.CX13.CaH	CaH	v2	1000 D2P2238	7.8	REN035	M204	6/10/2025	45,028	388	176	92,612	47,251	HoneydewUltra	/bil/lz/boonee/6dc297e03f3f8590						HoneydewUltra				44
20250619M205BICANRen36	UWA.7648.CX17.Pu	Pu	v2	1000 D2P2238	7.5	REN036	M205	6/9/2025	47,511	50	36	18,316	9,345	WatermelonUltra	/bil/lz/boonee/e121fccd0a3eade1						WatermelonUltra				45
20250619M205BICANRen36	UCI.4723.CX14.Pu	Pu	v2	1000 D2P2238	5.9	REN036	M205	6/9/2025	54,062	70	48	24,850	12,679	WatermelonUltra	/bil/lz/boonee/e121fccd0a3eade1						WatermelonUltra				45
20250619M205BICANRen36	UCI.2424.CX12.Pu	Pu	v2	1000 D2P2238	6.6	REN036	M205	6/9/2025	30,697	109	67	25,635	13,079	WatermelonUltra	/bil/lz/boonee/e121fccd0a3eade1						WatermelonUltra				45
20250619M205BICANRen36	UCI.5224.CX13.Pu	Pu	v2	1000 D2P2238	7.0	REN036	M205	6/9/2025	40,294	176	99	45,964	23,451	WatermelonUltra	/bil/lz/boonee/e121fccd0a3eade1						WatermelonUltra				45
20250622M206BICANRen37	UWA.7648.CX20.GP	GP	v2	1000 D2P2238	7.5	REN037	M206	6/11/2025	32,199	132	79	35,474	18,099	HoneydewUltra	/bil/lz/boonee/6b90ecebc2289f34						HoneydewUltra				46
20250622M206BICANRen37	UCI.4723.CX16.GP	GP	v2	1000 D2P2238	6.9	REN037	M206	6/11/2025	30,423	41	31	16,841	8,592	HoneydewUltra	/bil/lz/boonee/6b90ecebc2289f34						HoneydewUltra				46
20250622M206BICANRen37	UCI.2424.CX15.GP	GP	v2	1000 D2P2238	6.6	REN037	M206	6/11/2025	33,174	77	49	30,122	15,368	HoneydewUltra	/bil/lz/boonee/6b90ecebc2289f34						HoneydewUltra				46
20250622M206BICANRen37	UCI.5224.CX17.GP	GP	v2	1000 D2P2238	7.4	REN037	M206	6/11/2025	33,098	165	89	37,567	19,167	HoneydewUltra	/bil/lz/boonee/6b90ecebc2289f34						HoneydewUltra				46
20250622M207BICANRen38	UWA.7648.CX19.CaB	CaB	v2	1000 D2P2238	7.8	REN038	M207	6/12/2025	55,325	68	48	27,576	14,069	WatermelonUltra	/bil/lz/boonee/380318ddbb927d4c	Camera/low res mosaic looked weird?					WatermelonUltra				47
20250622M207BICANRen38	UCI.4723.CX15.CaB	CaB	v2	1000 D2P2238	7.2	REN038	M207	6/12/2025	20,036	135	81	28,930	14,760	WatermelonUltra	/bil/lz/boonee/380318ddbb927d4c						WatermelonUltra				47
20250622M207BICANRen38	UCI.2424.CX15.CaB	CaB	v2	1000 D2P2238	8.0	REN038	M207	6/12/2025	29,468	60	43	17,899	9,132	WatermelonUltra	/bil/lz/boonee/380318ddbb927d4c						WatermelonUltra				47
20250622M207BICANRen38	UCI.5224.CX16.CaB	CaB	v2	1000 D2P2238	7.8	REN038	M207	6/12/2025	37,237	166	94	38,912	19,853	WatermelonUltra	/bil/lz/boonee/380318ddbb927d4c						WatermelonUltra				47
20250627M208BICANRen39	UWA.7648.BS01.MGM.01	MGM	v2	1000 D2P2238	7.8	REN039	M208	6/16/2025	20,293	133	79	22,703	11,583	HoneydewUltra	/bil/lz/boonee/390b7e6bf0b684e2						HoneydewUltra				48
20250627M208BICANRen39	UCI.4723.BS01.MGM.01	MGM	v2	1000 D2P2238	6.1	REN039	M208	6/16/2025	40,056	64	45	24,265	12,380	HoneydewUltra	/bil/lz/boonee/390b7e6bf0b684e2						HoneydewUltra				48
20250627M208BICANRen39	UCI.2424.BS01.MGM.01	MGM	v2	1000 D2P2238	5.6	REN039	M208	6/16/2025	29,227	62	45	19,618	10,009	HoneydewUltra	/bil/lz/boonee/390b7e6bf0b684e2						HoneydewUltra				48
20250627M208BICANRen39	UCI.5224.BS02.MGM.01	MGM	v2	1000 D2P2238	7.2	REN039	M208	6/16/2025	31,123	108	72	33,733	17,211	HoneydewUltra	/bil/lz/boonee/390b7e6bf0b684e2						HoneydewUltra				48
20250630M210BICANRen40	UWA.7648.CX18.NAC	NAC	v2	1000 D2P2238	8.0	REN040	M210	6/17/2025	25573	263	139	35,727	18,228	HoneydewUltra	/bil/lz/boonee/fd9d4ef7f3ef3426						HoneydewUltra				49
20250630M210BICANRen40	UCI.4723CX14.NAC	NAC	v2	1000 D2P2238	4.8	REN040	M210	6/17/2025	44695	58	41	20,775	10,600	HoneydewUltra	/bil/lz/boonee/fd9d4ef7f3ef3426						HoneydewUltra				49
20250630M210BICANRen40	UCI.2424.CX12.NAC	NAC	v2	1000 D2P2238	7.1	REN040	M210	6/17/2025	30955	236	127	36,704	18,726	HoneydewUltra	/bil/lz/boonee/fd9d4ef7f3ef3426						HoneydewUltra				49
20250630M210BICANRen40	UCI.5224.CX13.NAC	NAC	v2	1000 D2P2238	8.1	REN040	M210	6/17/2025	43937	359	170	75,444	38,492	HoneydewUltra	/bil/lz/boonee/fd9d4ef7f3ef3426						HoneydewUltra				49
20250704M211BICANRen41	UWA.7648.CX23.THM.02 (SubTH)	SubTH	v2	1000 D2P2238	5.2	REN041	M211	6/24/2025	22014	161	89	33,221	16,949	HoneydewUltra	/bil/lz/boonee/b90795aa8c16b4a1	* This is also region Subthalumus					HoneydewUltra				50
20250704M211BICANRen41	UCI.4723.CX18.SubTH	SubTH	v2	1000 D2P2238	3.3	REN041	M211	6/24/2025	10544	18	15	3,763	1,920	HoneydewUltra	/bil/lz/boonee/b90795aa8c16b4a1	This donor had a small amount of tissue on the slide (hence the low counts)					HoneydewUltra				50
20250704M211BICANRen41	UCI.2424.CX17.SubTH	SubTH	v2	1000 D2P2238	5.8	REN041	M211	6/24/2025	29076	19	16	9,170	4,678	HoneydewUltra	/bil/lz/boonee/b90795aa8c16b4a1						HoneydewUltra				50
20250704M211BICANRen41	UCI.5224.CX19.SubTH	SubTH	v2	1000 D2P2238	6.2	REN041	M211	6/24/2025	18483	103	67	27,317	13,937	HoneydewUltra	/bil/lz/boonee/b90795aa8c16b4a1						HoneydewUltra				50
20250707M212BICANRen42	UCI.4723.CX27.CaT	CaT	v2	1000 D2P2238	6.1	REN042	M212	06/24/2025	36493	104	67	30,058	15,336	HoneydewUltra	/bil/lz/boonee/28987301e254a890	There's just 3 donors for this region					HoneydewUltra				51
20250707M212BICANRen42	UCI.2424.CX21.CaT	CaT	v2	1000 D2P2238	n/a	REN042	M212	06/24/2025	25547	69	48	18,693	9,537	HoneydewUltra	/bil/lz/boonee/28987301e254a890	There's just 3 donors for this region					HoneydewUltra				51
20250707M212BICANRen42	UCI.5224.CX21.CaT	CaT	v2	1000 D2P2238	6.9	REN042	M212	06/24/2025	14288	262	132	31,773	16,211	HoneydewUltra	/bil/lz/boonee/28987301e254a890	There's just 3 donors for this region					HoneydewUltra				51
20250718M213BICANRen43	UWA.7648.CX04.A10	A10	v2	1000 D2M2006	7.5	REN043	M213	07/08/2025	31425	256	141	52,463	26,767	HoneydewUltra	/bil/lz/boonee/cbc115888278870a						HoneydewUltra				52
20250718M213BICANRen43	UCI.4723.CX01.A10	A10	v2	1000 D2M2006	7.4	REN043	M213	07/08/2025	51433	43	29	28,494	14,538	HoneydewUltra	/bil/lz/boonee/cbc115888278870a						HoneydewUltra				52
20250718M213BICANRen43	UCI.2424.CX02.A10	A10	v2	1000 D2M2006	7	REN043	M213	07/08/2025	21219	259	140	52,832	26,955	HoneydewUltra	/bil/lz/boonee/cbc115888278870a						HoneydewUltra				52
20250718M213BICANRen43	UCI.5224.CX03.A10	A10	v2	1000 D2M2006	7.4	REN043	M213	07/08/2025	48083	350	174	91,494	46,681	HoneydewUltra	/bil/lz/boonee/cbc115888278870a						HoneydewUltra				52
20250718M214BICANRen44	UWA.7648.CX17.A44	A44	v2	1000 D2M2006	6.9	REN044	M214	07/10/2025	33369	245	134	51,015	26,028	WatermelonUltra	/bil/lz/boonee/e8ec554ed859f81c						WatermelonUltra				53
20250718M214BICANRen44	UCI.4723.CX13.A44	A44	v2	1000 D2M2006	6.2	REN044	M214	07/10/2025	22616	175	105	35,668	18,198	WatermelonUltra	/bil/lz/boonee/e8ec554ed859f81c						WatermelonUltra				53
20250718M214BICANRen44	UCI.2424.CX11.A44	A44	v2	1000 D2M2006	6.8	REN044	M214	07/10/2025	18197	175	104	36,820	18,785	WatermelonUltra	/bil/lz/boonee/e8ec554ed859f81c						WatermelonUltra				53
20250718M214BICANRen44	UCI.5224.CX13.A44	A44	v2	1000 D2M2006	8.1	REN044	M214	07/10/2025	34430	204	118	56,583	28,869	WatermelonUltra	/bil/lz/boonee/e8ec554ed859f81c						WatermelonUltra				53
20250725M216BICANRen45	UWA.7648.CX17.A25	A25	v2	1000 D2M2006	6.6	REN045	M216	07/14/2025	31942	78	54	31,765	16,207	HoneydewUltra	/bil/lz/boonee/7803f72b8ec79e5e	Jesus imaged					HoneydewUltra				54
20250725M216BICANRen45	UCI.4723.CX14.A25	A25	v2	1000 D2M2006	7.6	REN045	M216	7/14/2025	15029	114	77	37,062	18,909	HoneydewUltra	/bil/lz/boonee/7803f72b8ec79e5e						HoneydewUltra				54
20250725M216BICANRen45	UCI.2424.CX12.A25	A25	v2	1000 D2M2006	5.8	REN045	M216	7/14/2025	38090	60	46	37,801	19,286	HoneydewUltra	/bil/lz/boonee/7803f72b8ec79e5e						HoneydewUltra				54
20250725M216BICANRen45	UCI.5224.CX13.A25	A25	v2	1000 D2M2006	7.2	REN045	M216	7/14/2025	32500	158	97	47,675	24,324	HoneydewUltra	/bil/lz/boonee/7803f72b8ec79e5e						HoneydewUltra				54
20250725M217BICANRen46	UWA.7648.CX14.A45	A45	v2	1000 D2M2006	8.5	REN046	M217	7/17/2025	38632	262	140	75,758	38,652	WatermelonUltra	/bil/lz/boonee/b31c67ad954bd0cc	Jesus imaged					WatermelonUltra				55
20250725M217BICANRen46	UCI.4723.CX11.A45	A45	v2	1000 D2M2006	7.2	REN046	M217	7/17/2025	48332	101	69	51,313	26,180	WatermelonUltra	/bil/lz/boonee/b31c67ad954bd0cc						WatermelonUltra				55
20250725M217BICANRen46	UCI.2424.CX09.A45	A45	v2	1000 D2M2006	6.9	REN046	M217	7/17/2025	54770	137	87	44,284	22,594	WatermelonUltra	/bil/lz/boonee/b31c67ad954bd0cc						WatermelonUltra				55
20250725M217BICANRen46	UCI.5224.CX11.A45	A45	v2	1000 D2M2006	8.2	REN046	M217	7/17/2025	34005	198	117	64,290	32,801	WatermelonUltra	/bil/lz/boonee/b31c67ad954bd0cc						WatermelonUltra				55
20250801M219BICANRen47	UWA.7648.CX17.A38	A38	v2	1000 D2M2006	6.9	REN047	M219	7/22/2025	36586	199	118	44,716	22,814	HoneydewUltra	/bil/lz/boonee/1a0c877975b85ee6						HoneydewUltra				56
20250801M219BICANRen47	UCI.4723.CX13.A38	A38	v2	1000 D2M2006	6.7	REN047	M219	7/22/2025	10225	164	103	23,459	11,969	HoneydewUltra	/bil/lz/boonee/1a0c877975b85ee6	Not a lot of tissue detachment, this was just how the tissue was sectioned onto slide					HoneydewUltra				56
20250801M219BICANRen47	UCI.2424.CX11.A38	A38	v2	1000 D2M2006	6.1	REN047	M219	7/22/2025	22324	154	96	27,266	13,911	HoneydewUltra	/bil/lz/boonee/1a0c877975b85ee6						HoneydewUltra				56
20250801M219BICANRen47	UCI.5224.CX11.A38	A38	v2	1000 D2M2006	7.6	REN047	M219	7/22/2025	31692	184	110	42,818	21,846	HoneydewUltra	/bil/lz/boonee/1a0c877975b85ee6						HoneydewUltra				56
20250801M220BICANRen48	UWA.7648.CX25.S1C	S1C	v2	1000 D2M2006	6.9	REN048	M220	7/24/2025	24046	101	68	29,346	14,972	WatermelonUltra	/bil/lz/boonee/ebddeafebd6f32bc 						WatermelonUltra				57
20250801M220BICANRen48	UCI.4723.CX20.S1C	S1C	v2	1000 D2M2006	6.7	REN048	M220	7/24/2025	44275	59	44	22,489	11,474	WatermelonUltra	/bil/lz/boonee/ebddeafebd6f32bc 						WatermelonUltra				57
20250801M220BICANRen48	UCI.2424.CX20.S1C	S1C	v2	1000 D2M2006	6.1	REN048	M220	7/24/2025	44633	53	40	16,268	8,300	WatermelonUltra	/bil/lz/boonee/ebddeafebd6f32bc 						WatermelonUltra				57
20250801M220BICANRen48	UCI.5224.CX20.S1C	S1C	v2	1000 D2M2006	7.6	REN048	M220	7/24/2025	25842	76	54	26,069	13,300	WatermelonUltra	/bil/lz/boonee/ebddeafebd6f32bc 						WatermelonUltra				57
20250808M222BICANRen49	UWA.7648.CX29.A5	A5	v2	1000 D2M2006	7.7	REN049	M222	7/30/2025	50573	170	102	44,568	22,739	HoneydewUltra	/bil/lz/boonee/cef1f464b4727f9e						HoneydewUltra				58
20250808M222BICANRen49	UCI.4723.CX28.A5	A5	v2	1000 D2M2006	5.6	REN049	M222	7/30/2025	38786	53	39	26,010	13,270	HoneydewUltra	/bil/lz/boonee/cef1f464b4727f9e						HoneydewUltra				58
20250808M222BICANRen49	UCI.2424.CX24.A5	A5	v2	1000 D2M2006	5.3	REN049	M222	7/30/2025	53028	47	37	20,307	10,361	HoneydewUltra	/bil/lz/boonee/cef1f464b4727f9e						HoneydewUltra				58
20250808M222BICANRen49	UCI.5224.CX23.A5	A5	v2	1000 D2M2006	7.7	REN049	M222	7/30/2025	68495	58	44	38,124	19,451	HoneydewUltra	/bil/lz/boonee/cef1f464b4727f9e						HoneydewUltra				58
20250811M223BICANRen50	UWA.7648.CX34.A7	A7	v2	1000 D2M2006	7.2	REN050	M223	7/31/2025	44358	112	74	26,848	13,698	WatermelonUltra	/bil/lz/boonee/7028242157a8f304	Camera/low res mosaic looked weird?					WatermelonUltra				59
20250811M223BICANRen50	UCI.4723.CX34.A7	A7	v2	1000 D2M2006	5.9	REN050	M223	7/31/2025	44381	64	46	18,489	9,433	WatermelonUltra	/bil/lz/boonee/7028242157a8f304						WatermelonUltra				59
20250811M223BICANRen50	UCI.2424.CX26.A7	A7	v2	1000 D2M2006	5.5	REN050	M223	7/31/2025	47498	81	57	19,478	9,938	WatermelonUltra	/bil/lz/boonee/7028242157a8f304						WatermelonUltra				59
20250811M223BICANRen50	UCI.5224.CX29.A7	A7	v2	1000 D2M2006	7.7	REN050	M223	7/31/2025	42424	123	81	33,578	17,131	WatermelonUltra	/bil/lz/boonee/7028242157a8f304						WatermelonUltra				59
20250815M224BICANRen51	UWA.7648.CX22.ITC	ITC	v2	1000 D2M2006	7.4	REN051	M224	8/7/2025	46471	223	126	54,982	28,052	HoneydewUltra	/bil/lz/boonee/2187bf86deb49a81						HoneydewUltra				60
20250815M224BICANRen51	UCI.4723.CX15.ITC	ITC	v2	1000 D2M2006	7.0	REN051	M224	8/7/2025	39778	46	35	24,615	12,559	HoneydewUltra	/bil/lz/boonee/2187bf86deb49a81						HoneydewUltra				60
20250815M224BICANRen51	UCI.2424.CX14.ITC	ITC	v2	1000 D2M2006	5.9	REN051	M224	8/7/2025	27827	66	50	23,875	12,181	HoneydewUltra	/bil/lz/boonee/2187bf86deb49a81						HoneydewUltra				60
20250815M224BICANRen51	UCI.5224.CX16.ITC	ITC	v2	1000 D2M2006	7.8	REN051	M224	8/7/2025	33507	129	86	43,530	22,209	HoneydewUltra	/bil/lz/boonee/2187bf86deb49a81						HoneydewUltra				60
20250816M225BICANRen52	UWA.7648.CX24.A1C	A1C	v2	1000 D2M2006	7.3	REN052	M225	8/5/2025	36347	121	77	24,278	12,387	WatermelonUltra	/bil/lz/boonee/c6d2e6359cf9ae32						WatermelonUltra				61
20250816M225BICANRen52	UCI.4723.CX22.A1C	A1C	v2	1000 D2M2006	6.2	REN052	M225	8/5/2025	27172	100	66	16,866	8,605	WatermelonUltra	/bil/lz/boonee/c6d2e6359cf9ae32						WatermelonUltra				61
20250816M225BICANRen52	UCI.2424.CX19.A1C	A1C	v2	1000 D2M2006	5.7	REN052	M225	8/5/2025	31267	48	36	9,254	4,721	WatermelonUltra	/bil/lz/boonee/c6d2e6359cf9ae32						WatermelonUltra				61
20250816M225BICANRen52	UCI.5224.CX20.A1C	A1C	v2	1000 D2M2006	8.2	REN052	M225	8/5/2025	38567	98	67	26,350	13,444	WatermelonUltra	/bil/lz/boonee/c6d2e6359cf9ae32						WatermelonUltra				61
20250822M226BICANRen53	UWA.7648.CX31.PPHC	PPHC	v2	1000 D2M2006	6.7	REN053	M226	8/12/2025	32573	241	129	49,729	25,372	HoneydewUltra	/bil/lz/boonee/c4ec04d28059515b	Jesus imaged					HoneydewUltra				62
20250822M226BICANRen53	UCI.4723.CX27.PPHC	PPHC	v2	1000 D2M2006	6.6	REN053	M226	8/12/2025	33086	78	57	34,549	17,627	HoneydewUltra	/bil/lz/boonee/c4ec04d28059515b						HoneydewUltra				62
20250822M226BICANRen53	UCI.2424.CX24.PPHC	PPHC	v2	1000 D2M2006	5.4	REN053	M226	8/12/2025	32029	55	42	26,024	13,277	HoneydewUltra	/bil/lz/boonee/c4ec04d28059515b						HoneydewUltra				62
20250822M226BICANRen53	UCI.5224.CX24.PPHC	PPHC	v2	1000 D2M2006	7.1	REN053	M226	8/12/2025	30926	293	156	67,930	34,658	HoneydewUltra	/bil/lz/boonee/c4ec04d28059515b						HoneydewUltra				62
20250822M227BICANRen54	UWA.7648.CX18.Idg	Idg	v2	1000 D2M2006	7.9	REN054	M227	8/14/2025	22962	114	76	39,076	19,937	WatermelonUltra	/bil/lz/boonee/d8b5f8cb0d968734	Jesus imaged					HoneydewUltra				63
20250822M227BICANRen54	UCI.4723.CX15.Idg	Idg	v2	1000 D2M2006	6.2	REN054	M227	8/14/2025	40654	48	36	17,891	9,128	WatermelonUltra	/bil/lz/boonee/d8b5f8cb0d968734						HoneydewUltra				63
20250822M227BICANRen54	UCI.2424.CX13.Idg	Idg	v2	1000 D2M2006	6.8	REN054	M227	8/14/2025	35055	70	51	28,533	14,558	WatermelonUltra	/bil/lz/boonee/d8b5f8cb0d968734						HoneydewUltra				63
20250822M227BICANRen54	UCI.5224.CX14.Idg	Idg	v2	1000 D2M2006	7.6	REN054	M227	8/14/2025	19278	151	96	45,611	23,271	WatermelonUltra	/bil/lz/boonee/d8b5f8cb0d968734						HoneydewUltra				63
20250829M229BICANRen55	UWA.7648.CX26.Ig	Ig	v2	1000 D2M2006	7.7	REN055	M229	8/19/2025	13361	156	97	24,606	12,554	HoneydewUltra	/bil/lz/boonee/a6472efb0d7eaa2a	Jesus sample prepped, Zoey imaged					HoneydewUltra				64
20250829M229BICANRen55	UCI.4723.CX21.Ig	Ig	v2	1000 D2M2006	6.0	REN055	M229	8/19/2025	21893	129	82	22,302	11,378	HoneydewUltra	/bil/lz/boonee/a6472efb0d7eaa2a						HoneydewUltra				64
20250829M229BICANRen55	UCI.2424.CX19.Ig	Ig	v2	1000 D2M2006	4.7	REN055	M229	8/19/2025	36904	47	38	15,662	7,991	HoneydewUltra	/bil/lz/boonee/a6472efb0d7eaa2a						HoneydewUltra				64
20250829M229BICANRen55	UCI.5224.CX19.Ig	Ig	v2	1000 D2M2006	8.3	REN055	M229	8/19/2025	19410	267	146	46,029	23,484	HoneydewUltra	/bil/lz/boonee/a6472efb0d7eaa2a						HoneydewUltra				64
20250902M230BICANRen56	UWA.7648.CX35.Pro	Pro	v2	1000 D2M2006	7.4	REN056	M230	8/21/2025	30189	248	137	39,798	20,305	HoneydewUltra	/bil/lz/boonee/d8b5f8cb0d968734	Jesus sample prepped, Zoey imaged					HoneydewUltra				65
20250902M230BICANRen56	UCI.4723.CX35.Pro	Pro	v2	1000 D2M2006	5.3	REN056	M230	8/21/2025	18931	88	63	12,232	6,241	HoneydewUltra	/bil/lz/boonee/d8b5f8cb0d968734						HoneydewUltra				65
20250902M230BICANRen56	UCI.2424.CX27.Pro	Pro	v2	1000 D2M2006	N/A	REN056	M230	8/21/2025	25189	76	57	10,680	5,449	HoneydewUltra	/bil/lz/boonee/d8b5f8cb0d968734						HoneydewUltra				65
20250902M230BICANRen56	UCI.5224.CX30.Pro	Pro	v2	1000 D2M2006	7.7	REN056	M230	8/21/2025	39376	312	163	65,545	33,441	HoneydewUltra	/bil/lz/boonee/d8b5f8cb0d968734						HoneydewUltra				65
20250908M231BICANRen57	UWA.7648.CX41.PSC.01	PSC.01	v2	1000 D2M2006	7.3	REN057	M231	8/28/2025	35352	266	142	57,978	29,581	HoneydewUltra	/bil/lz/boonee/d5a3647a63a86c37						HoneydewUltra				66
20250908M231BICANRen57	UCI.4723.CX41.PSC.01	PSC.01	v2	1000 D2M2006	5.8	REN057	M231	8/28/2025	32745	183	104	42,852	21,863	HoneydewUltra	/bil/lz/boonee/d5a3647a63a86c37						HoneydewUltra				66
20250908M231BICANRen57	UCI.2424.CX32.PSC.01	PSC.01	v2	1000 D2M2006	4.5	REN057	M231	8/28/2025	32695	139	88	31,772	16,210	HoneydewUltra	/bil/lz/boonee/d5a3647a63a86c37						HoneydewUltra				66
20250908M231BICANRen57	UCI.5224.CX35.PSC.01	PSC.01	v2	1000 D2M2006	7.8	REN057	M231	8/28/2025	38498	339	168	75,203	38,369	HoneydewUltra	/bil/lz/boonee/d5a3647a63a86c37						HoneydewUltra				66
20250908M232BICANRen58	UWA.7648.CX42.V2.01	V2	v2	1000 D2M2006	6.5	REN058	M232	8/26/2025	23329	87	61	17,407	8,881	WatermelonUltra	/bil/lz/boonee/05f546ff48019618						WatermelonUltra				67
20250908M232BICANRen58	UCI.4723.CX42.V2	V2	v2	1000 D2M2006	4.8	REN058	M232	8/26/2025	13217	87	60	14,730	7,515	WatermelonUltra	/bil/lz/boonee/05f546ff48019618						WatermelonUltra				67
20250908M232BICANRen58	UCI.2424.CX28.V2.01	V2	v2	1000 D2M2006	N/A	REN058	M232	8/26/2025	14950	54	40	10,071	5,138	WatermelonUltra	/bil/lz/boonee/05f546ff48019618						WatermelonUltra				67
20250908M232BICANRen58	UCI.5224.CX35.V2.01	V2	v2	1000 D2M2006	7.8	REN058	M232	8/26/2025	15502	149	93	33,191	16,934	WatermelonUltra	/bil/lz/boonee/05f546ff48019618						WatermelonUltra				67
20250912M233BICANRen59	UWA.7648.CX41.PSC.02	PSC.02	v2	1000 D2M2006	6.5	REN059	M233	9/2/2025	25380	199.5	114	39,619	20,214	HoneydewUltra	/bil/lz/boonee/d5a3647a63a86c37						HoneydewUltra				68
20250912M233BICANRen59	UCI.4723.CX41.PSC.02	PSC.02	v2	1000 D2M2006	5.1	REN059	M233	9/2/2025	59209	80	56	27,947	14,258	HoneydewUltra	/bil/lz/boonee/d5a3647a63a86c37						HoneydewUltra				68
20250912M233BICANRen59	UCI.2424.CX28.PSC.02	PSC.02	v2	1000 D2M2006	5.3	REN059	M233	9/2/2025	35816	38	30	15,324	7,818	HoneydewUltra	/bil/lz/boonee/d5a3647a63a86c37						HoneydewUltra				68
20250912M233BICANRen59	UCI.5224.CX35.PSC.02	PSC.02	v2	1000 D2M2006	7.7	REN059	M233	9/2/2025	26245	105	73	35,471	18,097	HoneydewUltra	/bil/lz/boonee/d5a3647a63a86c37						HoneydewUltra				68
20251010M242BICANRen60	UWA.7648.CX21.EC	EC (LEC)	v2	1000 D2P2484	6.3	REN060	M242	10/2/2025	38803	91	63	27,216	13,886	WatermelonUltra	/bil/lz/boonee/fcff18d3dc30ea32						WatermelonUltra				69
20251010M242BICANRen60	UCI.4723.CX18.EC	EC (LEC)	v2	1000 D2P2484	6.3	REN060	M242	10/2/2025	19712	100	65	28,540	14,561	WatermelonUltra	/bil/lz/boonee/fcff18d3dc30ea32						WatermelonUltra				69
20251010M242BICANRen60	UCI.2424.CX15.EC	EC (LEC)	v2	1000 D2P2484	5.5	REN060	M242	10/2/2025	25723	73	53	23,642	12,062	WatermelonUltra	/bil/lz/boonee/fcff18d3dc30ea32						WatermelonUltra				69
20251010M242BICANRen60	UCI.5224.CX18.EC	EC (LEC)	v2	1000 D2P2484	7.8	REN060	M242	10/2/2025	11587	142	90	37,577	19,172	WatermelonUltra	/bil/lz/boonee/fcff18d3dc30ea32						WatermelonUltra				69
20251017M246BICANRen61	UWA.7648.CX26.HIPr	HIPr	v2	1000 D2P2484	6.8	REN061	M246	10/13/2025	30487	104	68	27,652	14,108	WatermelonUltra	/bil/lz/boonee/b02df93c66e9616b										70
20251017M246BICANRen61	UCI.4723.CX22.HIPr	HIPr	v2	1000 D2P2484	N/A	REN061	M246	10/13/2025	47995	80	54	23,378	11,928	WatermelonUltra	/bil/lz/boonee/b02df93c66e9616b										70
20251017M246BICANRen61	UCI.2424.CX18.HIPr	HIPr	v2	1000 D2P2484	4.6	REN061	M246	10/13/2025	21910	30	24	9,622	4,909	WatermelonUltra	/bil/lz/boonee/b02df93c66e9616b										70
20251017M246BICANRen61	UCI.5224.CX19.HIPr	HIPr	v2	1000 D2P2484	8.2	REN061	M246	10/13/2025	36457	146	87	36,822	18,787	WatermelonUltra	/bil/lz/boonee/b02df93c66e9616b										70
20251031M249BICANRen62	UWA.7648.CX26.EC	MEC	v2	1000 D2P2484	6.4	REN062	M249	10/27/2025	32264	139	90	42,193	21,527	WatermelonUltra	/bil/lz/boonee/a78d06f989a232c7						merfish14				71
20251031M249BICANRen62	UCI.4723.CX22.EC	MEC	v2	1000 D2P2484	6.4	REN062	M249	10/27/2025	50515	96	63	40,608	20,719	WatermelonUltra	/bil/lz/boonee/a78d06f989a232c7						merfish14				71
20251031M249BICANRen62	UCI.2424.CX18.EC	MEC	v2	1000 D2P2484	5.2	REN062	M249	10/27/2025	22544	43	34	14,051	7,169	WatermelonUltra	/bil/lz/boonee/a78d06f989a232c7						merfish14				71
20251031M249BICANRen62	UCI.5224.CX20.EC	MEC	v2	1000 D2P2484	8.2	REN062	M249	10/27/2025	21788	234	130	56,601	28,878	WatermelonUltra	/bil/lz/boonee/a78d06f989a232c7						merfish14				71
20251110M253BICANRen63	UWA.7648.CX28.HIPc	HIPc	v2	1000 D2P2484	6.7	REN063	M253	10/28/2025	34447	171	99	53,365	27,227	HoneydewUltra	/bil/lz/boonee/cf8cb544b9993054										72
20251110M253BICANRen63	UCI.4723.CX25.HIPc	HIPc	v2	1000 D2P2484	n/a	REN063	M253	10/28/2025	51357	84	57	36,485	18,615	HoneydewUltra	/bil/lz/boonee/cf8cb544b9993054										72
20251110M253BICANRen63	UCI.2424.CX24.HIPc	HIPc	v2	1000 D2P2484	5.9	REN063	M253	10/28/2025	44489	119	76	35,392	18,057	HoneydewUltra	/bil/lz/boonee/cf8cb544b9993054										72
20251110M253BICANRen63	UCI.5224.CX24.HIPc	HIPc	v2	1000 D2P2484	7.1	REN063	M253	10/28/2025	36173	181	104	49,027	25,014	HoneydewUltra	/bil/lz/boonee/cf8cb544b9993054										72
20251107M251BICANRen64	UWA.7648.CX24.HIPu	HIPu	v2	1000 D2P2484	5.8	REN064	M251	10/30/2025	31539	175	101	42,213	21,537	HoneydewUltra	/bil/lz/boonee/556da1735c979070										73
20251107M251BICANRen64	UCI.4723.CX18.HIPu	HIPu	v2	1000 D2P2484	5.5	REN064	M251	10/30/2025	12595	109	71	31,242	15,940	HoneydewUltra	/bil/lz/boonee/556da1735c979070										73
20251107M251BICANRen64	UCI.2424.CX18.HIPu	HIPu	v2	1000 D2P2484	4.8	REN064	M251	10/30/2025	24805	46	35	15,297	7,804	HoneydewUltra	/bil/lz/boonee/556da1735c979070										73
20251107M251BICANRen64	UCI.5224.CX19.HIPu	HIPu	v2	1000 D2P2484	8.2	REN064	M251	10/30/2025	37549	221	121	45,730	23,332	HoneydewUltra	/bil/lz/boonee/556da1735c979070										73
20251114M254BICANRen65	UWA.7648.CX24.PaS-PrS	PaS-PrS	v2	1000 D2P2484	6.6	REN065	M254	11/4/2025	40,931	116	77	40,375	20,599	HoneydewUltra	/bil/lz/boonee/b362da27a8794ce6										74
20251114M254BICANRen65	UCI.4723.CX24.PaS-PrS	PaS-PrS	v2	1000 D2P2484	6.6	REN065	M254	11/4/2025	29,813	78	54	33,445	17,064	HoneydewUltra	/bil/lz/boonee/b362da27a8794ce6										74
20251114M254BICANRen65	UCI.2424.CX19.PaS-PrS	PaS-PrS	v2	1000 D2P2484	4.7	REN065	M254	11/4/2025	25,186	54	41	20,703	10,563	HoneydewUltra	/bil/lz/boonee/b362da27a8794ce6										74
20251114M254BICANRen65	UCI.5224.CX22.PaS-PrS	PaS-PrS	v2	1000 D2P2484	7.3	REN065	M254	11/4/2025	19,084	161	100	53,374	27,231	HoneydewUltra	/bil/lz/boonee/b362da27a8794ce6										74
20251114M255BICANRen66	UCI.2424.CX19.SUBr	SUBr	v2	1000 D2P2484	4.7	REN066	M255	11/6/2025				13,568	6,922	WatermelonUltra	/bil/lz/boonee/bbbed7820762e89d	Only 2 donors for this region, DAPI looked really washed out/bright?									75
20251114M255BICANRen66	UCI.5224.CX19.SUBr	SUBr	v2	1000 D2P2484	8.2	REN066	M255	11/6/2025				36,515	18,630	WatermelonUltra	/bil/lz/boonee/bbbed7820762e89d	Only 2 donors for this region, DAPI looked really washed out/bright?									75
20260130M262BICANRen67	UWA.7648.CX24.THM.01	THM1	v2	1000 D2P2618	6.0	REN067	M262	1/21/2026	55,007	207	116	69,250	35,332	HoneydewUltra	/bil/lz/boonee/a4d2474d0115a814	R1									76
20260130M262BICANRen67	UCI.4723.CX20.THM1	THM1	v2	1000 D2P2618	4.8	REN067	M262	1/21/2026	45,564	86	57	40,964	20,900	HoneydewUltra	/bil/lz/boonee/a4d2474d0115a814	R2									76
20260130M262BICANRen67	UCI.2424.CX18.THM1	THM1	v2	1000 D2P2618	4.7	REN067	M262	1/21/2026	39,203	93	61	27,179	13,867	HoneydewUltra	/bil/lz/boonee/a4d2474d0115a814	R3									76
20260130M262BICANRen67	UCI.5224.CX17.THM1	THM1	v2	1000 D2P2618	6.7	REN067	M262	1/21/2026	54,997	293	150	84,423	43,073	HoneydewUltra	/bil/lz/boonee/a4d2474d0115a814	R4									76
20260130M263BICANRen68	UWA.7648.CX24.THM.02	THM2	v2	1000 D2P2618	7.1	REN068	M263	1/22/2026	29,485	74	50	25,904	13,216	WatermelonUltra	/bil/lz/boonee/e416dcaf323ece0c										77
20260130M263BICANRen68	UCI.4723.CX20.THM2	THM2	v2	1000 D2P2618	5.7	REN068	M263	1/22/2026	44,453	32	24	15,974	8,150	WatermelonUltra	/bil/lz/boonee/e416dcaf323ece0c										77
20260130M263BICANRen68	UCI.2424.CX18.THM2	THM2	v2	1000 D2P2618	5.4	REN068	M263	1/22/2026	48,574	37	27	16,645	8,492	WatermelonUltra	/bil/lz/boonee/e416dcaf323ece0c										77
20260130M263BICANRen68	UCI.5224.CX19.THM2.VPT-ZI-R	THM2	v2	1000 D2P2618	6.2	REN068	M263	1/22/2026	36,189	161	90	38,290	19,536	WatermelonUltra	/bil/lz/boonee/e416dcaf323ece0c										77
20260206M264BICANRen69	UWA.7648.CX24.THM.03	THM3	v2	1000 D2P2618	6.5	REN069	M264	1/29/2026	55,374	132	81	45,059	22,989	HoneydewUltra	/bil/lz/boonee/6084fa75e9dc36d7										78
20260206M264BICANRen69	UCI.4723.CX20.THM3	THM3	v2	1000 D2P2618	n/a	REN069	M264	1/29/2026	23,432	38	27	19,510	9,954	HoneydewUltra	/bil/lz/boonee/6084fa75e9dc36d7										78
20260206M264BICANRen69	UCI.2424.CX19.THM3	THM3	v2	1000 D2P2618	6.8	REN069	M264	1/29/2026	40,372	21	16	11,863	6,052	HoneydewUltra	/bil/lz/boonee/6084fa75e9dc36d7										78
20260206M264BICANRen69	UCI.5224.CX19.THM3	THM3	v2	1000 D2P2618	6.2	REN069	M264	1/29/2026	33,499	244	129	65,857	33,601	HoneydewUltra	/bil/lz/boonee/6084fa75e9dc36d7										78
20260206M265BICANRen70	UWA.7648.CX27.THM4	THM4	v2	1000 D2P2618	6.4	REN070	M265	1/30/2026	68,180	109	68	46,128	23,535	WatermelonUltra	/bil/lz/boonee/e2478deb190d982b										79
20260206M265BICANRen70	UCI.4723.CX23.THM4	THM4	v2	1000 D2P2618	5.0	REN070	M265	1/30/2026	41,593	43	30	21,826	11,136	WatermelonUltra	/bil/lz/boonee/e2478deb190d982b										79
20260206M265BICANRen70	UCI.2424.CX21.THM4.LP	THM4	v2	1000 D2P2618	n/a	REN070	M265	1/30/2026	41,154	66	44	27,565	14,064	WatermelonUltra	/bil/lz/boonee/e2478deb190d982b										79
20260206M265BICANRen70	UCI.5224.CX21.THM4	THM4	v2	1000 D2P2618	7.6	REN070	M265	1/30/2026	41,449	180	98	46,917	23,937	WatermelonUltra	/bil/lz/boonee/e2478deb190d982b										79
20260213M266BICANRen71	UWA.7648.CX26.THM.02	THM5	v2	1000 D2P2618	6.5	REN071	M266	2/3/2026	48,488	160	91	57,010	29,087	HoneydewUltra	/bil/lz/boonee/553e5fc2a81c6988	Jesus imaged									80
20260213M266BICANRen71	UCI.4723.CX23.THM5	THM5	v2	1000 D2P2618	5.0	REN071	M266	2/3/2026	29,282	88	57	39,606	20,207	HoneydewUltra	/bil/lz/boonee/553e5fc2a81c6988										80
20260213M266BICANRen71	UCI.2424.CX28.THM5	THM5	v2	1000 D2P2618	5.1	REN071	M266	2/3/2026	29,047	53	38	32,908	16,790	HoneydewUltra	/bil/lz/boonee/553e5fc2a81c6988										80
20260213M266BICANRen71	UCI.5224.CX28.THM5	THM5	v2	1000 D2P2618	7.5	REN071	M266	2/3/2026	38,278	230	125	93,995	47,957	HoneydewUltra	/bil/lz/boonee/553e5fc2a81c6988										80
20260327M269BICANRen72	UWA.7648.CX22.MTC	MTC	v2	1000 D2M2006	6.9	REN072	M269	3/23/3036	25,167	245	136	55,312	28,220	HoneydewUltra	I						merfish14				81
20260327M269BICANRen72	UCI.4723.CX18.MTC	MTC	v2	1000 D2M2006	7.0	REN072	M269	3/23/3036	30,902	167	102	46,008	23,473	HoneydewUltra	I						merfish14				81
20260327M269BICANRen72	UCI.2424.CX17.MTC	MTC	v2	1000 D2M2006	6.2	REN072	M269	3/23/3036	28,774	106	73	31,632	16,139	HoneydewUltra	I						merfish14				81
20260327M269BICANRen72	UCI.5224.CX16.MTC	MTC	v2	1000 D2M2006	7.9	REN072	M269	3/23/3036	35,602	122	81	46,196	23,569	HoneydewUltra	I						merfish14				81
20260515M273BICANRen73	UWA.7647.CB60.VePo	VePo	v2	1000 D2P2750	6.9	REN073	M273	5/11/2026	61,840	99	65	36,041	18,388	HoneydewUltra											82
20260515M273BICANRen73	UCI.4723.CB09.VePo	VePo	v2	1000 D2P2750	7.2	REN073	M273	5/11/2026	212,711	169	95	78,346	39,973	HoneydewUltra											82
20260515M273BICANRen73	UCI.2424.CB01.VePo	VePo	v2	1000 D2P2750	5.7	REN073	M273	5/11/2026	133,741	89	59	32,444	16,553	HoneydewUltra											82
20260515M273BICANRen73	UCI.5224.CB05.VePo	VePo	v2	1000 D2P2750	7.9	REN073	M273	5/11/2026	130,154	150	89	79,304	40,461	HoneydewUltra											82
20260515M274BICANRen74	UWA.7648.CB63.CbDN	CbDN	v2	1000 D2P2750	6.7	REN074	M274	5/11/2026	38,850	98	56	30,098	15,356	WatermelonUltra											83
20260515M274BICANRen74	UCI.4723.CB06.CbDN	CbDN	v2	1000 D2P2750	n/a	REN074	M274	5/11/2026	37,486	73	44	23,293	11,884	WatermelonUltra											83
20260515M274BICANRen74	UCI.2424.CB03.CbDN	CbDN	v2	1000 D2P2750	5.6	REN074	M274	5/11/2026	50,588	53	34	18,828	9,606	WatermelonUltra											83
20260515M274BICANRen74	UCI.5224.CB05.CbDN	CbDN	v2	1000 D2P2750	7.3	REN074	M274	5/11/2026	38,205	146	75	36,559	18,652	WatermelonUltra											83
20260522M276BICANRen75	UWA.7648.CB60.VeA	VeA	v2	1000 D2P2750	6.8	REN075	M276	5/18/2026	Failed experiment: "unexpected system reboot. After reviewing the Windows logs, we found the cause of the restart to be a faulty Windows driver. We were able to update the driver through the Windows updates and confirmed it is the latest version available"; Deleted experiment					WatermelonUltra											84
20260522M276BICANRen75	UCI.4723.CB09.VeA	VeA	v2	1000 D2P2750	7.0	REN075	M276	5/18/2026						WatermelonUltra											84
20260522M276BICANRen75	UCI.2424.CB01.VeA	VeA	v2	1000 D2P2750	6.1	REN075	M276	5/18/2026						WatermelonUltra											84
20260522M276BICANRen75	UCI.5224.CB05.VeA	VeA	v2	1000 D2P2750	8.1	REN075	M276	5/18/2026						WatermelonUltra											84
20260522M277BICANRen76	UWA.7648.CB67.CBLA	CBLA	v2	1000 D2P2750	7.3	REN076	M277	5/18/2026	108,891	151	87	48,885	24,942	HoneydewUltra											85
20260522M277BICANRen76	UCI.4723.CB03.CBLA	CBLA	v2	1000 D2P2750	7.2	REN076	M277	5/18/2026	99,250	168	95	66,631	33,995	HoneydewUltra											85
20260522M277BICANRen76	UCI.2424.CB03.CBLA	CBLA	v2	1000 D2P2750	6.8	REN076	M277	5/18/2026	114,639	100	65	28,464	14,522	HoneydewUltra											85
20260522M277BICANRen76	UCI.5224.CB03.CBLA	CBLA	v2	1000 D2P2750	8.0	REN076	M277	5/18/2026	153,614	180	100	61,234	31,242	HoneydewUltra											85
20260531M278BICANRen77	UWA.7648.CB60.VeA	VeA	v2	1000 D2P2750	6.8	REN077	M278	5/27/2026	73,409	149	85	35,674	18,201	HoneydewUltra											86
20260531M278BICANRen77	UCI.4723.CB09.VeA	VeA	v2	1000 D2P2750	7.0	REN077	M278	5/27/2026	107,100	167	92	49,173	25,088	HoneydewUltra											86
20260531M278BICANRen77	UCI.2424.CB01.VeA	VeA	v2	1000 D2P2750	6.1	REN077	M278	5/27/2026	115,389	154	87	44,624	22,768	HoneydewUltra											86
20260531M278BICANRen77	UCI.5224.CB05.VeA	VeA	v2	1000 D2P2750	8.1	REN077	M278	5/27/2026	102,723	196	103	63,590	32,444	HoneydewUltra											86
20260601M279BICANRen78	UWA.7648.CB61.PVP	PVP	v2	1000 D2P2750	7.2	REN078	M279	5/27/2026				35,517	18,121	WatermelonUltra											87
20260601M279BICANRen78	UCI.4723.CB08.PVP	PVP	v2	1000 D2P2750	5.8	REN078	M279	5/27/2026				38,753	19,772	WatermelonUltra											87
20260601M279BICANRen78	UCI.2424.CB02.PVP	PVP	v2	1000 D2P2750	6.1	REN078	M279	5/27/2026				19,886	10,146	WatermelonUltra											87
20260601M279BICANRen78	UCI.5224.CB05.PVP	PVP	v2	1000 D2P2750	7.8	REN078	M279	5/27/2026				50,124	25,573	WatermelonUltra											87
20260603M280BICANRen79	UWA.7648.CB61.PVA	PVA	v2	1000 D2P2750	6.5	REN079	M280	5/27/2026				54,552	27,833	HoneydewUltra											88
20260603M280BICANRen79	UCI.4723.CB08.PVA	PVA	v2	1000 D2P2750	6.7	REN079	M280	5/27/2026				49,558	25,285	HoneydewUltra											88
20260603M280BICANRen79	UCI.2424.CB02.PVA	PVA	v2	1000 D2P2750	6.4	REN079	M280	5/27/2026				37,160	18,959	HoneydewUltra											88
20260603M280BICANRen79	UCI.5224.CB05.PVA	PVA	v2	1000 D2P2750	8.0	REN079	M280	5/27/2026				59,791	30,505	HoneydewUltra											88
20260619M283BICANRen80	UWA.7648.CB60.VeF	VeF	v2	1000 D2P2750	n/a	REN080	M283	6/11/2026				7,035	3,589	HoneydewUltra											89
20260619M283BICANRen80	UCI.4723.CB09.VeF	VeF	v2	1000 D2P2750	n/a	REN080	M283	6/11/2026				21,353	10,895	HoneydewUltra											89
20260619M283BICANRen80	UCI.2424.CB01.VeF	VeF	v2	1000 D2P2750	5.1	REN080	M283	6/11/2026				17,295	8,824	HoneydewUltra											89
20260619M283BICANRen80	UCI.5224.CB04.VeF	VeF	v2	1000 D2P2750	7.7	REN080	M283	6/11/2026				61,584	31,420	HoneydewUltra											89
20260619M284BICANRen81	UWA.7648.CB67.CBLP	CBLP	v2	1000 D2P2750	7.3	REN081	M284	6/11/2026				20,971	10,700	WatermelonUltra											90
20260619M284BICANRen81	UCI.4723.CB03.CBLP	CBLP	v2	1000 D2P2750	7.1	REN081	M284	6/11/2026				25,697	13,111	WatermelonUltra											90
20260619M284BICANRen81	UCI.2424.CB03.CBLP	CBLP	v2	1000 D2P2750	5.4	REN081	M284	6/11/2026				17,458	8,907	WatermelonUltra											90
20260619M284BICANRen81	UCI.5224.CB05.CBLP	CBLP	v2	1000 D2P2750	7.9	REN081	M284	6/11/2026				28,220	14,398	WatermelonUltra											90