Experiment Name	Invoice	Collaborator PI/Institute	Experiment Imaging Date	Sample type	Codebook (must have .csv)	Target Genes	Imaging Cartridge-Barcode, Lot#	Raw Data Location	Analysis Location (we now delete these folders)	Output Location	Priority/Issues	Analyzed By	Imaging area	measurementStartDateTime 	endDateTime 	Imaging Run Time (hh:mm:ss)	Summary Results	Description + Notes	Region Output Folders
M003		BICCN		human brain, MTG	none, smFISH	n/a	n/a	merfish1	n/a	n/a								Was on 	
20210921M004MTGS2		BICCN	9/21/2021	human brain, MTG	codebook_0_VZG148_0.csv	285 genes	500 gene - 0010008202111310000218	-	Durian	Durian - storage/RNA_MERFISH/MERSCOPE/Vizgen_Output		MD	82.38 mm²				https://drive.google.com/file/d/13XCXETvzGo4L7d2tyHDHSsu9bFgjurh5/view?usp=sharing	This experiment was mislabelled as M004MTGS3; it is S2, not S3	
20210923M005MTGS3		BICCN	9/23/2021	human brain, MTG	codebook_0_VZG148_0.csv	285 genes	500 gene - 0010008202111310000211	Grape 2	Durian	Durian - storage/RNA_MERFISH/MERSCOPE/Vizgen_Output		MD	76.35 mm²				https://drive.google.com/file/d/1cN16D-735mLB7fnSQ49rWtbuJGfsdJtF/view?usp=sharing		
20210925M009MTGS14		BICCN	9/25/2021	human brain, MTG	codebook_0_VZG148_0.csv	285 genes	500 gene - 0010008202111310000214	Grape 2	Durian	Durian (Z:\RNA_MERFISH\MERSCOPE\Vizgen_Output)		MD	75.4 mm²					Image analysis run on Durian, no summary available.	
20210929M008MTGS13		BICCN	9/29/2021	human brain, MTG	codebook_0_VZG148_0.csv	285 genes	500 gene - 0010008202111310000216	Grape 2	Durian	Durian - storage/RNA_MERFISH/MERSCOPE/Vizgen_Output		MD	58.91 mm²				https://drive.google.com/file/d/10vyEQeWXheX3pewzOSqPWtYJWmpyYeIQ/view?usp=sharing		
20211001M007BA10		BICCN	10/1/2021	human brain, BA10	codebook_0_VZG148_0.csv	285 genes	500 gene - 0010008202111310000209	Grape 1	-	-			30.14 mm²					Unable to locate tissue in the mosaic, 3 small regions randomly selected based off a possible bubble in the gel, results do not show any aparent tissue.	
20211006M010MTGS12		BICCN	10/6/2021	human brain, MTG	codebook_0_VZG148_0.csv	285 genes	500 gene - 0010008202111310000212	Grape 1	Durian	Durian			69.45 mm²				https://drive.google.com/file/d/1xF1dLw_p-32UJV8eTZWljP6vUVQC-RqB/view?usp=sharing	Imaging for M010 started at 12:40pm, and completed at ~6:00 10/7/21.	
20211008M011MTGS11		BICCN	10/8/2021	human brain, MTG	codebook_0_VZG148_0.csv	285 genes	500 gene - 0010008202111310000212	-	Durian	Durian			48.06 mm²				https://drive.google.com/file/d/1unVMohuPr_lDC-PQ7y-Fculz4xcNdgzu/view?usp=sharing	Imaging for M011 started at 12:50pm, and completed by 8:30pm 10/9/21.	
20211029M012MSV006		Vizgen Beta Testing	10/29/2021	mouse brain	codebook_0_M22E1_0.csv	135 genes	140 gene - 0010012202201050000453	-	Durian	Durian			36.93 mm²				https://drive.google.com/file/d/12jVdBqcY_JsYygqPQlz9gTo8plXVBPzy/view?usp=sharing	Imaging took ~12 hours	
20211030M013MSV007		Vizgen Beta Testing	10/30/2021	mouse brain	codebook_0_M22E1_0.csv	135 genes	140 gene - 0010012202201050000455	-	Durian	Durian			23 mm²				https://drive.google.com/file/d/1ncW8LH2g2U7_5Mi9R9i87FtyXBkrHTcs/view?usp=sharing	M007 has a large bubble in gel that is covering a portion of the tissue, only 1 hemisphere remains. Image analysis interuppted. George relaunches	
20211101M014MSV008		Vizgen Beta Testing	11/1/2021	mouse brain	codebook_0_M22E1_0.csv	135 genes	140 gene - 0010012202201050000456	-	Durian	Durian			35.18 mm²				https://drive.google.com/file/d/1FueCG772FnB_wq0Mq_9JmFrtEHo9Fv7z/view?usp=sharing	Imaging took ~12 hours. Image Processing launched at 8:30am, completed at 5:00 pm	
20211108M015MSV009		Vizgen Beta Testing	11/8/2021	mouse brain	codebook_0_M22E1_0.csv	135 genes	140 gene - 0010012202201050000451	-	Durian	Durian			36.87 mm²				https://drive.google.com/file/d/1DhdfqDXF4gndohC-acJel7RNC1yPBTVA/view?usp=sharing	Image processing launched at 8:00am, completed between 5pm and 7pm	
20211109M016MSV010		Vizgen Beta Testing	11/9/2021	mouse brain	codebook_0_M22E1_0.csv	135 genes	140 gene - 0010012202201050000452	-	Durian	Durian			37.2 mm²				https://drive.google.com/file/d/1Y6HrCniymcoN1LgRvqcB0u7lGu_rPlYE/view?usp=sharing	Image Processing launched at 7:00am	
20211122M018CD2HPancreas		Sanders&Gaulton/UCSD	11/22/2021	human pancreas	none, smFISH	n/a	n/a	Durian	n/a	n/a			24.28 mm²					Imaging started at 12:48, complete around 1:30.	
20211123M017CD1HPancreas		Sanders&Gaulton/UCSD	11/23/2021	human pancreas	none, smFISH	n/a	n/a	Durian	n/a	n/a			40.91 mm²					Imaging started at 3:29, complete at 4:30.	
20211203M019VZGHPancreas		Sanders&Gaulton/UCSD	12/3/2021	human pancreas	none, smFISH	n/a	n/a	Durian	n/a	n/a			9.52 mm²					This sample saw large amounts of tissue detatchment after thawing, before hybridization.	
20211206M020scopeHPancreas		Sanders&Gaulton/UCSD	12/6/2021	human pancreas	none, smFISH	n/a	n/a	Durian	n/a	n/a			17.79 mm²					Samples looks good through processing, used the RNAscope protocol for processing.	
20211207M022HLungS3Fresh		LungMap	12/7/2021	human lung	none, smFISH	n/a	n/a	Durian	n/a	n/a			78.51 mm²					Fresh tissue	
20211207M021HLungS1Fixed		LungMap	12/7/2021	human lung	none, smFISH	n/a	n/a	Durian	n/a	n/a			89.8 mm²					Fixed tissue	
20211227M023HLungS6		LungMap	12/28/2021	human lung	none, smFISH	n/a	n/a	Durian	n/a	n/a			26.62 mm²					Fixed tissue, D175-10B6	
20220108M025HLungS5		LungMap	1/8/2021	human lung	none, smFISH	n/a	n/a	Durian	n/a	n/a			39.43 mm²					Fixed tissue, Imaging started at 11:06am, Complete at 11:52am	
20220211M026M1C1	SPA0005	Ren/UCSD	2/11/2022	human brain, M1C	codebook_0_VZG148_0.csv	285 genes	500 gene - 0010008202111310000253	-	Grape 7	Grape 7			64.82 mm²			4:00pm 2/11 - 7:50pm 2/12 (28 hours)	https://drive.google.com/file/d/1SfnZqwce1QRtD5Sx40jMaAC_fxALLAIU/view?usp=sharing	Fresh tissue, 10um thickness. Imaging started at 4:00pm, completed at 7:50pm. Used imaging activation buffer from 300 gene kit (0010023202205140000978) to activate an "expired" 500 gene kit (0010008202111310000253)	
20220214M029M1C5	SPA0002	Behrens/Salk	2/14/2022	human brain, M1C	codebook_0_VZG148_0.csv	285 genes	500 gene - 0010021202203070000910	Grape 7	Grape 7	Grape 7 or storage/RNA_MERFISH		MD	77.45 mm²			4:00pm 2/14 - 7:18pm 2/15 (27 hours)	https://drive.google.com/file/d/1Mc26M0iHPfdCMcDCGBCz4Fqs1eUWImTT/view?usp=sharing	Fresh tissue, 16um thickness. Imaging started at 4:00pm, completed at 7:18pm.	
20220217M028M1C4	SPA0002	Behrens/Salk	2/17/2022	human brain, M1C	codebook_0_VZG148_0.csv	285 genes	500 gene - 0010027202205210001081	Grape 7	Grape 7	Grape 7 or storage/RNA_MERFISH		MD	81.6 mm²			3:45pm 2/17 - 	https://drive.google.com/file/d/15w8RoeCSVZIfwX0kREuIVG2XvtNK7gea/view?usp=sharing	Fresh tissue, 16um thickness. Imaging started at 3:45pm, completed at .	
20220222M030PAMS8	SPA0006	Adams&Ren/SBP&UCSD	2/22/2022	mouse brain	codebook_0_M22E1_0.csv	135 genes	140 gene - 0010025202205210001032	Merscope D drive	error	error			100 mm²			4:41pm 2/22 - 		Fresh Frozen, 2 slices, it appears that the MERSCOPE loses focusing ability at stack_3 and there is no meaningful images generated for that round or stack_4. running followup to confirm that the issue was a focus drift due to selecting a region too close to the edge of the imagable area (using expired 140 gene cartridge 0010008202111310000195, 3.96 mm2, focustestMS	
focustestMS			2/24/2022	mouse brain	codebook_0_M22E1_0.csv	135 genes	140gene - 0010008202111310000195	Grape 7	Grape 7	Grape 7			3.96 mm²						
20220225M031PAMS9	SPA0004	Adams&Ren/SBP&UCSD	2/25/2022	mouse brain	codebook_0_M22E1_0.csv	135 genes	140 gene - 0010025202205210001037	Grape 7	Grape 7	Grape 7			12.52 mm²			1:11pm 2/25 - 8:18pm 2/25	https://drive.google.com/file/d/1N9-4zpupACBuzSgcDd5buDZVqeTQxsYu/view?usp=sharing	Fresh Frozen, 2 slices. Image analysis started at 8:18pm and completed at 12:12am	
20220328M032HLungFixS		LungMap	3/28/2022	human lung	codebook_0_LungMapFinal2_VA86.csv	503 genes	500 gene - 0010029202206180001215	-	error	error			52.49 mm²			4:41pm 3/28 - 		Fixed frozen, D405, 3 imaging regions, potential issue focusing for fov 0000-0010, recovers after those fov, 1313 fov total	
20220403M033V2ChenMUSSpine	SPA0016	Chen/Stanford	4/3/2022	mouse spine	none, smFISH	n/a	n/a	merfish14/MERSCOPE/data/archived -11.2GB	n/a	n/a			5.16 mm²			2:37pm 4/3 - 			
20220406M034V1HLungFixed		LungMap	4/6/2022	human lung	codebook_0_LungMapFinal2_VA86.csv	503 genes	500 gene - 0010029202206180001193	-	Merscope Z Drive	error			50.01 mm²			11:56am 4/6 - 1:16pm 4/7		Fixed frozen, D405, Image analysis begun at 1:23pm 4/7, merlin_error noticed in the morning and vizgen reviewing aroung 10am 4/8.	
20220408M035V1ChenMSSpine		Chen/Stanford	4/8/2022	mouse spine	codebook_0_ChenSpinalCordFinal_84	300 genes	300 gene - 0010023202205140000975	Merscope D drive-273GB	-	Merscope Z Drive/ https://drive.google.com/drive/folders/1saXPt8LZ6e-_kAx8xtVewAattZtKN1lK?usp=sharing 			7.77 mm²			2:12:pm 4/8 - 9:17pm 4/8	https://drive.google.com/drive/folders/1EXDQfc0ljE1xC8ATIFOYv2FE8yp65P0_?usp=sharing	Fixed frozen, ~11 slices	
20220413M036V3GleesonMUS	SPA0010	Gleeson/UCSD	4/13/2022	mouse embryo	none, smFISH	n/a	n/a	Merscope D drive-18.5GB	n/a	n/a			11.3 mm²			11:26 am 4/13 - 11:50 am 4/13	https://drive.google.com/drive/folders/1zneuymSQvVloNHQSS3Zgqe-eiBZHInfr?usp=sharing	Fixed Frozen, this sample was prepared using the vizgen recommended protocol, 6 regions	
20220413M037V1GleesonMUS	SPA0010	Gleeson/UCSD	4/13/2022	mouse embryo	none, smFISH	n/a	n/a	Merscope D drive-12.7GB	n/a	n/a			6.63 mm²			4:05 pm 4/13 - 4:23 pm 4/13	https://drive.google.com/drive/folders/1W7CekT8L47tFb_r0fmbOXRSwfr-IRmFU?usp=sharing	Fixed Frozen, this sample was prepared using the RNAscope protocol provided by Harry, 5 regions, 1 section not fully in the imagable regions	
20220420M038V2HLung		LungMap	4/20/2022	human lung	codebook_0_LungMapFinal2_VA86.csv	503 genes	500 gene - 0010029202206180001222	Merscope D drive-718GB					15.01 mm²			12:45 pm 4/20 - 2:18 am 4/21		Fixed frozen, D405, image analysis began at 9:18am	
20220425M040ChenMUSSpine	SPA0016	Chen/Stanford	4/25/2022	mouse spine	codebook_0_ChenSpinalCordFinal_84	300 genes	300 gene - 0010023202205140000977	merfish14/MERSCOPE/data/archived-962GB	n/a	Merscope Z Drive/ https://drive.google.com/drive/folders/1saXPt8LZ6e-_kAx8xtVewAattZtKN1lK?usp=sharing 	Possible that mosaic was taken without chamber being fully locked, could impact imaging regions		28.6 mm²			3:58 pm 4/25 - 4:08 am 4/26		Fixed frozen, shipped in 70% EtOH, 7 regions, image analysis started 5:20am, done at 11:50	
20220427M039ChenMUSSpine		Chen/Stanford	4/27/2022	mouse spine	codebook_0_ChenSpinalCordFinal_84	300 genes	300 gene - 0010023202205140000970	merfish14/MERSCOPE/data/archived-252GB	n/a	Merscope Z Drive/ https://drive.google.com/drive/folders/16iacTc6m6fYj5J2vPgkMM1oybzbfbpu_?usp=sharing 			7.18 mm²			1:55 pm 4/27 - 		Fixed frozen, shipped dry sections curled, 4 regions	
20220509M043HLungVU		LungMap	5/9/2022	human lung	none, smFISH	n/a	n/a	Merscope D drive-109GB	n/a	n/a			89.2 mm²			3:01 pm - 4:51 om		Fresh frozen, post hyb wash at  37C, no post fixation, 2 regions	
20220510M044ChenMUSSpine		Chen/Stanford	5/10/2022	mouse spine	codebook_0_ChenSpinalCordFinal_84	300 genes	300 gene - 0010023202205140000988	Merscope D drive-1.41TB	-	merfish 4v1 & Merscope Z Drive/ https://drive.google.com/drive/folders/1dQqybQK2-BIG6-9t09qtNVFj1Q8dtqtb?usp=sharing 		MD	42.97 mm²			5:30 pm - 8:56 am		Fixed frozen, stored dry, no post fix, image analysis launch 9:30, 7 regions, analysis hang up/Vizgen contacted	
20220511M045ChenMUSSpine		Chen/Stanford	5/11/2022	mouse spine	codebook_0_ChenSpinalCordFinal_84	300 genes	300 gene - 0010023202205140000991	Merscope D drive-0.98TB				MD	29.96 mm²			4:05 pm - 4:26 am		Fixed frozen, stored in 10% glucose, post hyb fixation, 5 regions	
20220519M046HoweRootMUSBrain	SPA0018	Root/UCSD	5/19/2022	mouse brain	none, smFISH	n/a	n/a	merfish14/MERSCOPE/data/archived-23.2GB	n/a	n/a			15.00 mm²						
20220527M041HLungHO		LungMap	5/27/2022	human lung	none, smFISH	n/a	n/a	Merscope D drive-22.9GB	n/a	n/a			15.06 mm²			12:48 pm 5/27 - 		Fresh frozen, post hyb wash at  37C, 4% PFA post fixation, 3 regions, not 70, 325	
20220602M047HLung30wk		LungMap	6/2/2022	human lung	none, smFISH	n/a	n/a	Merscope D drive-32.5GB	n/a	n/a			15.52 mm²					Fixed frozen tissue from a 30wk old donor	
20220607M049GleesonMUS	SPA0014	Gleeson/UCSD	6/7/2022	mouse embryo	codebook_0_GleesonSpinalCordFinal_83.csv	300 genes	300 gene - 0010040202209050001980	Merscope D drive-942GB	-	Merscope Z Drive/ https://drive.google.com/drive/folders/1sSOE8tDw2voxu9Pi_6IHqebUDIna6w4-?usp=sharing 			27.76 mm²			5:24 pm 6/8 - 		Fixed frozen prepared using RNAscope protocol, 5 regions, some damage? fair morphology? Image analysis started at ~9:30M 6/10	
20220705M050HLungD271		LungMap	7/5/2022	human lung	none, smFISH	n/a	n/a	Merscope D drive-34.6GB	n/a	n/a			24.98 mm²					Fresh frozen, prepared using Vizgen's modified fixation protocol, RIN 4.1	
20220705M051HLungD175		LungMap	7/5/2022	human lung	none, smFISH	n/a	n/a	Merscope D drive-13.0GB	n/a	n/a			6.93 mm²					Fresh frozen, prepared using Vizgen's modified fixation protocol, RIN 3.6	
20220706M053HLungD265		LungMap	7/6/2022	human lung	none, smFISH	n/a	n/a	Merscope D drive-49.6GB	n/a	n/a			38.3 mm²					Fresh frozen, prepared using Vizgen's modified fixation protocol, RIN 8.3	
20220706M052HLungD231		LungMap	7/6/2022	human lung	none, smFISH	n/a	n/a	Merscope D drive-51.3GB	n/a	n/a			39.63 mm²					Fresh frozen, prepared using Vizgen's modified fixation protocol, RIN 5.3	
20220713M054HLungD265S2		LungMap	7/13/2022	human lung	codebook_0_LungMapFinal2_VA86.csv	503 genes	500 gene - 0010029202206180001212	merfish4v1/MERSCOPE not sure	-	Mescope Z Drive/ https://drive.google.com/drive/folders/1q8-nzUAWnJn1R-QAH_qIVlNNIDeG82Cr?usp=sharing		MD	20.87 mm²			1:13 pm 7/13 - ~5-6am 7/14		Fresh frozen, prepared using Vizgen's modified fixation protocol, RIN 8.3, 3 regions	
20220725M055HLungD2312B2		LungMap	7/25/2022	human lung	codebook_0_LungMapFinal2_VA86.csv	503 genes	500 gene - 0010029202206180001230	merfish4v1/MERSCOPE not sure	-	Mescope Z Drive/ https://drive.google.com/drive/folders/1IotSUYZasFrTMh2vYd0jmHnBXCJXGDas?usp=sharing 			46.7 mm²			11:55 am 7/25 - 12:32 pm 7/26		Fresh frozen, prepared using Vizgen's modified fixation protocol, RIN 7.8	
20220727M056HLungD26520A2R		LungMap	7/27/2022	human lung	codebook_0_LungMapFinal2_VA86.csv	503 genes	500 gene - 0010029202206180001242	merfish4v1/MERSCOPE not sure	-	Mescope Z Drive/ https://drive.google.com/drive/folders/1IotSUYZasFrTMh2vYd0jmHnBXCJXGDas?usp=sharing 		MD	57.8 mm²			11:28 am 7/27 - 4:00pm 7/28			
20220813M057HSpinalCordS2	SPA0025	Yeo/UCSD	8/13/2022	human spinal cord	none, smFISH	n/a	n/a	merfish14/MERSCOPE/data/archived	n/a	n/a			87.88 mm²			12:01 pm 8/13 - 1:47 pm 8/13			
20220813M058HSpinalCordS3	SPA0025	Yeo/UCSD	8/13/2022	human spinal cord	none, smFISH	n/a	n/a	merfish14/MERSCOPE/data/archived	n/a	n/a			69.56 mm²			2:48 pm 8/13 - 4:12 8/13			
20220908M059ChenSpinalCord		Chen/Stanford	9/8/2022	mouse spine	codebook_0_ChenSpinalCordFinal_84	300 genes	300 gene - 0010023202205140000992	merfish4v1/MERSCOPE	-	merfish4v1/MERSCOPE		MD	14 mm²			11:50 am 9/8 - 8:21 pm 9/8		5 Regions, 3 whole, 2 folded	
20220919M060ChenSpinalCordS2		Chen/Stanford	9/19/2022	mouse spine	codebook_0_ChenSpinalCordFinal_84	300 genes	300 gene - 0010023202205140000972	merfish6v1/MERSCOPE	-	merfish6v1/MERSCOPE			19.32 mm²			2:28 pm 9/20 - 12:09 am 9/21		8 regions, analysis launched 9:35am 9/21	
20221003M1CSliceX		Marga&Bing/Salk&UCSD	10/4/2022	human brain, M1C															
20221121M062HLungD338	SPA0024	Sun/UCSD	11/21/2022	human lung	none, smFISH	n/a	n/a	Merscope D drive-123GB	n/a	n/a			99.56 mm²						
20221121M063HLungD394	SPA0024	Sun/UCSD	11/21/2022	human lung	none, smFISH	n/a	n/a	Merscope D drive-105GB	n/a	n/a			84.6 mm²						
20221202M064BA19S09352		BICAN (trial)	12/2/2022	human brain, BA19	codebook_0_VZG148_0.csv	285 genes	500 gene - 0010033202207150001511	merfish4v1/MERSCOPE	merfish4v1/MERSCOPE	merfish4v1/MERSCOPE			77.36 mm²					(BA19-1) Brain 2: S09352 / 2 / BA-19, Slice 1, 12um thickness; freezing condition 2	
20221206M065HLungUCSDX9	SPA0024	Sun/UCSD	12/6/2022	human lung	none, smFISH	n/a	n/a	Merscope D drive-97.2GB	n/a	n/a			77.36 mm²						
20221207M066HLungD403	SPA0024	Sun/UCSD	12/7/2022	human lung	none, smFISH	n/a	n/a	Merscope D drive-93.5GB	n/a	n/a		MD	74.64 mm²						
20221219M067HLungD338	SPA0026	Sun/UCSD	12/19/2022	human lung	codebook_0_LungMapFinal2_VA86.csv	503 genes	500 gene - 0010069202306270004467	merfish6v1/MERSCOPE	-	merfish6v1/MERSCOPE		MD	99.76 mm²			2:05 pm 12/19 - 			
20221223M068BA192		BICAN (trial)	12/23/2022	human brain, BA19	codebook_0_VZG148_0.csv	285 genes	500 gene - 0010050202211140002754	merfish6v1/MERSCOPE	merfish6v1/MERSCOPE	merfish6v1/MERSCOPE	Low 560 scale factor magnitude	MD	53.8 mm²					(BA19-2) Brain 2: S09352 / 1 / BA-19, Slice 1, 12um thickness; freezing condition 1	
20230105M069A1BA9		BICAN (trial)	1/5/2023	human brain, BA9	codebook_0_VZG148_0.csv	285 genes	500 gene - 0010033202207150001574	merfish6v2/MERSCOPE	merfish6v2/MERSCOPE	merfish6v2/MERSCOPE	Low 560 scale factor magnitude	MD	26.48 mm²					12um thickness; actually sample A2 due to mislabel	
20230106M070A2BA9		BICAN (trial)	1/6/2023	human brain, BA9	codebook_0_VZG148_0.csv	285 genes	500 gene - 0010033202207150001512	merfish6v2/MERSCOPE	merfish6v2/MERSCOPE	merfish6v2/MERSCOPE	Low 560 scale factor magnitude	MD	44.16 mm²			3:07 pm 1/6 - 7:54 am 1/7		12um thickness; actually sample A1 due to mislabel	
20230118M071HLungD403	SPA0026	Sun/UCSD	1/18/2023	human lung	codebook_0_LungMapFinal2_VA86.csv	503 genes	500 gene - 0010069202306270004455	pompomV2/merfish6v2	pompomV2/merfish6v2	pompomV2/merfish6v2	Low 560 scale factor magnitude; and low transcripts	MD	97.36 mm²			2:09 pm 1/18 - 4:15 am 1/20		Human Lung ID D403 RUL 10B2	
20230127M072BA19G1		BICAN (trial)	1/27/2023	human brain, BA19	codebook_0_VZG148_0.csv	285 genes	500 gene - 0010033202206180001253	merfish6v2/MERSCOPE	merfish6v2/MERSCOPE	merfish6v2/MERSCOPE	Low 560 scale factor magnitude; and low transcripts	MD	36.4 mm²			4:00 pm 1/27 - 		12um thickness; BICAN Freezing pilot Mt. Sinai BA19 G1-4 sample	
20230202M073G2BA19		BICAN (trial)	2/2/2023	human brain, BA19	codebook_0_VZG148_0.csv	285 genes	500 gene - 0010029202206180001245	merfish6v2/MERSCOPE	merfish6v2/MERSCOPE	merfish6v2/MERSCOPE	Low 560 scale factor magnitude; and low transcripts	MD	37.68 mm²					12um thickness; BICAN Freezing pilot Mt. Sinai BA19 G2-4 sample	
20230223M075MUSHeart	SPA0030?	Chi/UCSD	2/23/2023	mouse embryo heart	codebook_0_Heart-genes-mouse-2_CP0840.csv	500 genes	???	honeydew	honeydew				43.16 mm²			1:02 PM		used old probe , Vizgen requested and investigating 5/4/2023	
20230228M074Gleeson		Gleeson/UCSD	2/28/2023	mouse embryo	none, smFISH	n/a	n/a	merfish14/MERSCOPE/data/archived	n/a	n/a			62.84 mm²					6 regions selected	
20230313M077HLungD403	SPA0029	Hubmap	3/13/2023	human lung	codebook_0_LungMapFinal2_VA86.csv	503 genes					Analysis computer failed; delay in getting analysis done								
20230322M080MUSHeart	*Qinquan prepped	Chi/UCSD	3/22/2023	mouse embryo	none, smFISH, verification	n/a	n/a	merfish14/MERSCOPE											
20230323M079MUSHeartE8	SPA0030?	Chi/UCSD	3/23/2023	mouse embryo	codebook_0_Heart-genes-mouse-2_CP0840.csv	500 genes	500 gene - 0010080202308290005483	-	-	-			99.52 mm²					used old probe , Vizgen requested and investigating 5/4/2023	
M081MUSEmbryoHeartE85	SPA0030	Chi/UCSD	4/7/2023	mouse embryo	codebook_0_QingquanLateStage_CP0842.csv	506 genes	500 gene - 0010084202310200005841	Cantaloupe Z Drive, merfish2dna, Carlos TSCC, Chi lab	Cantaloupe Z Drive	Cantaloupe Z Drive, merfish2dna/MERSCOPE, Chi lab			99.48 mm²	4/7/2023 16:42	4/9/2023 3:52	35:10:00		Fixed frozen sample from E8.25-8.5; 5 regions selected	
20230411M082MUSEmbryoHeartE85	SPA0030	Chi/UCSD	4/11/2023	mouse embryo	codebook_0_QingquanLateStage_CP0842.csv	506 genes	500 gene - 0010084202310200005851	Watermelon Z Drive, merfish2dna/MERSCOPE, Carlos TSCC, Chi lab	Watermelon Z Drive	Watermelon Z Drive, merfish2dna/MERSCOPE, Chi lab			92.12 mm²	4/11/2023 16:43	4/13/2023 1:51	33:08:00			
20230417M083HLungUCSDx9	SPA0033	Hubmap	4/17/2023	human lung	codebook_0_LungMapFinal2_VA86.csv	503 genes	500 gene - 0010074202307180004903	Cantaloupe Z Drive, merfish2dna/MERSCOPE	Cantaloupe Z Drive	Cantaloupe Z Drive, merfish2dna/MERSCOPE			99.88 mm²	4/17/2023 11:38	4/18/2023 20:45	33:07:00		M083 from block UCSDx9 RUL Central #2; Recovered COVID ARDS patient	
20230424M086MUSHeartE775	SPA0032	Chi/UCSD	4/24/2023	mouse embryo	codebook_0_QingquanLateStage_CP0842.csv	506 genes	500 gene - 0010091202310130006790	Watermelon Z Drive, Carlos TSCC, Chi lab	Watermelon Z Drive, merfish2dna	Watermelon Z Drive, Carlos TSCC, Chi lab			68.88 mm²	4/24/2023 17:24	4/26/2023 9:45	40:21:00		M086 E7.75-2 MUS Ebryo fixed frozen	
20230426M085GleesonMUSEmbryoS2	SPA0031	Gleeson/UCSD	4/26/2023	mouse embryo	codebook_0_GleesonSpinalCordFinal_83.csv	300 genes	300 gene - 0010089202310060006518	Watermelon Z Drive, merfish2dna, Carlos TSCC, Gleeson lab	Watermelon Z Drive, merfish2dna	Watermelon Z Drive, merfish2dna, Carlos TSCC, Gleeson lab			71.08 mm²	4/26/2023 12:49	4/27/2023 12:30	23:41:00		M085 Gleeson MUS Embryo SLide S2 spinal cord, use cell boundary stain	
20230426M087ChiMUSHeartE775	SPA0032	Chi/UCSD	4/26/2023	mouse embryo	codebook_0_QingquanLateStage_CP0842.csv	506 genes	500 gene - 0010091202310130006789	Cantaloupe Z Drive, Carlos TSCC, Chi lab	Cantaloupe Z Drive, merfish2dna	Cantaloupe Z Drive, Carlos TSCC, Chi lab			68.8 mm²	4/26/2023 17:07	4/28/2023 1:23	32:16:00		M087 Qingquan/Chi lab MUS Embryo Heart E7.75 Slide 1	
20230504M084GleesonMUSEmbryo	SPA0031	Gleeson/UCSD	5/4/2023	mouse embryo	codebook_0_GleesonSpinalCordFinal_83.csv	300 genes	300 gene - 0010089202310060006511	Watermelon Z Drive, Carlos TSCC, merfish8v1	Watermelon Z Drive, merfish8v1	Watermelon Z Drive, Carlos TSCC, merfish8v1			41.08 mm²	5/4/2023 17:24	5/5/2023 9:57	16:33:00		M084 Gleeson MUS Embryo Slide S3 spinal cord, use cell boundary stain	
20230515M088ChiMUSHeartE145P1	SPA0032	Chi/UCSD	5/15/2023	mouse embryo	codebook_0_QingquanLateStage_CP0842.csv	506 genes	500 gene - 0010092202310200007003	Watermelon Z Drive, Carlos TSCC	Watermelon Z Drive, Carlos TSCC	Watermelon Z Drive, Carlos TSCC			99.48 mm²	5/15/2023 14:28	?			Qingquan/Chi lab MUS Embryo Heart E14.5 and P1 Samples, Slide 1	
20230516M089MUSLiverSenT	paid	SenNet	5/16/2023	mouse liver	none, smFISH	n/a	n/a	Cantaloupe Z Drive, merfish8v1	Cantaloupe Z Drive, merfish8v1	Cantaloupe Z Drive, merfish8v1		ZZ	28.80 mm²	5/16/2023 14:58	5/16/2023 15:44	0:46:00		SenNet Mouse Liver Verification M089 1016-S1	
20230516M090MUSLiverSenTS2	paid	SenNet	5/16/2023	mouse liver	none, smFISH	n/a	n/a	Cantaloupe Z Drive, merfish8v1	Cantaloupe Z Drive, merfish8v1	Cantaloupe Z Drive, merfish8v1		ZZ	23.92 mm²	5/16/2023 17:52	5/16/2023 18:20	0:28:00		SenNet Mouse Liver Verification M090 1021-S2	
20230523M091ChiMUSHeartE925	SPA0032	Chi/UCSD	5/23/2023	mouse embryo	codebook_0_QingquanLateStage_CP0842.csv	506 genes	500 gene - 0010092202310200006959	Cantaloupe Z Drive, merfish8v1	Cantaloupe Z Drive, merfish8v1	Cantaloupe Z Drive, merfish8v1			49.96 mm²	5/23/2023 15:19	5/24/2023 17:08	25:49:00		Qingquan/Chi Lab MUS Embryo Heart E9.25	
20230525M092ChiMUSHeartE775	SPA0032	Chi/UCSD	5/25/2023	mouse embryo	codebook_0_QingquanLateStage_CP0842.csv	506 genes	500 gene - 0010094202310310007311	Cantaloupe Z Drive, merfish8v1	Cantaloupe Z Drive, merfish8v1	Cantaloupe Z Drive, merfish8v1			88.24 mm²	5/25/2023 12:16	?			Qingquan/Chi Lab MUS Embryo Heart E7.75	
TrainingCantaloupe		Training	6/16/2023	mouse brain	codebook_0_M22E1_0.csv	140 genes		Cantaloupe Z Drive, merfish8v1	Cantaloupe Z Drive, merfish8v1	Cantaloupe Z Drive, merfish8v1				6/16/2023 11:12	6/17/2023 4:16	17:04:00			
TrainingWatermelon		Training	6/16/2023	mouse brain	codebook_0_M22E1_0.csv	140 genes		Watermelon Z Drive, merfish8v1	Watermelon Z Drive, merfish8v1	Watermelon Z Drive, merfish8v1				6/16/2023 11:17	6/17/2023 4:09	16:52:00			
20230622M096MUSColSenT		SenNet	6/22/2023	mouse colon	none, smFISH	n/a	n/a	Cantaloupe Z Drive, merfish8v1	Cantaloupe Z Drive, merfish8v1	Cantaloupe Z Drive, merfish8v1			41.36 mm²	6/22/2023 22:29	6/22/2023 23:19	0:50:00		SenNet Mouse Colon verification M096 1016Col1	
20230622M097MUSColSenT		SenNet	6/22/2023	mouse colon	none, smFISH	n/a	n/a	Watermelon Z Drive, merfish8v1	Watermelon Z Drive, merfish8v1	Watermelon Z Drive, merfish8v1			35.84 mm²	6/22/2023 22:37	6/22/2023 23:21	0:44:00		SenNet Mouse Colon verification M097 10211016Col2	
20230623M093MUSMamSenT		SenNet	6/23/2023	mouse mg	none, smFISH	n/a	n/a	Cantaloupe Z Drive, merfish8v1	Cantaloupe Z Drive, merfish8v1	Cantaloupe Z Drive, merfish8v1			39.96 mm²	6/23/2023 0:39	6/23/2023 1:23	0:44:00		SenNet Mouse Mammary Gland verification M093 1016Mam2	
20230623M095MUSMamSenT		SenNet	6/23/2023	mouse mg	none, smFISH	n/a	n/a	Watermelon Z Drive, merfish8v1	Watermelon Z Drive, merfish8v1	Watermelon Z Drive, merfish8v1			22.00 mm²	6/23/2023 0:49	6/23/2023 1:17	0:28:00		SenNet Mouse Mammary Gland verification M095 1021Mam2	
20230630M099ChiMUSHeartE925	SPA0032.	Chi/UCSD	6/30/2023	mouse embryo	codebook_0_QingquanLateStage_CP0842.csv	506 genes	500 gene - 0010094202310310007314	Cantaloupe Z Drive, TSCC, Chi lab	Cantaloupe Z Drive	Cantaloupe Z Drive, TSCC, Chi lab			96.12 mm²	6/30/2023 13:19	7/2/2023 19:20	54:01:00		Qingquan's samples for Chi lab M099 E9.25-2	
20230630M101ChiMUSHeartE85	SPA0032.	Chi/UCSD	6/30/2023	mouse embryo	codebook_0_QingquanLateStage_CP0842.csv	506 genes	500 gene - 0010094202310310007392	Watermelon Z Drive, TSCC, Chi lab	Watermelon Z Drive	Watermelon Z Drive, TSCC, Chi lab			98.52 mm²	6/30/2023 13:31	7/2/2023 20:42	55:11:00		Qingquan's samples for Chi lab M101 E8.5-3	
20230707M100ChiMUSHeartE925	SPA0032.	Chi/UCSD	7/7/2023	mouse embryo	codebook_0_QingquanLateStage_CP0842.csv	506 genes	500 gene - 0010094202310310007389	Watermelon Z Drive, TSCC, Chi lab	Watermelon Z Drive	Watermelon Z Drive, TSCC, Chi lab			77.24 mm²	7/7/2023 15:19	7/9/2023 12:23	45:04:00		Qingquan/Chi lab MUS Embryo Heart E9.25 samples	
20230714M102MUSMGSenT		SenNet	7/14/2023	mouse mg	none, smFISH	n/a	n/a	Cantaloupe Z Drive, merfish8v1	Cantaloupe Z Drive, merfish8v1	Cantaloupe Z Drive, merfish8v1			30.88 mm²	7/14/2023 14:40	7/14/2023 15:17	0:37:00		SenNet Mouse Mammary Gland verification M101 1029Mam1	
20230714M103MUSMGSenT		SenNet	7/14/2023	mouse mg	none, smFISH	n/a	n/a	Cantaloupe Z Drive, merfish8v1	Cantaloupe Z Drive, merfish8v1	Cantaloupe Z Drive, merfish8v1			45.72 mm²	7/14/2023 16:12	7/14/2023 17:05	0:53:00		SenNet Mouse Mammary Gland verification M103 1040Mam1	
20230725M104ChiMUSHeartE165	SPA0032.	Chi/UCSD	7/25/2023	mouse embryo	codebook_0_QingquanLateStage_CP0842.csv	506 genes	500 gene - 0010101202312190008501	Cantaloupe Z Drive, TSCC, Chi lab	Cantaloupe Z Drive, TSCC, Chi lab	Cantaloupe Z Drive, TSCC, Chi lab			100.00 mm²	7/25/2023 0:00	7/27/23	48:00:00		Qingquan's samples for Chi lab M104 E165	
20230725M105ChiMUSHeartE185	SPA0032.	Chi/UCSD	7/25/2023	mouse embryo	codebook_0_QingquanLateStage_CP0842.csv	506 genes	500 gene - 0010101202312190008478	Watermelon Z Drive, Deleted (failed experiment)	n/a	n/a	Faulty imaging cartridge: imaging not finished. failed experiment		94.08 mm²	7/25/2023 0:00	8/4/23	240:00:00		Qingquan's samples for Chi lab M105 E185	
20230807M106MUSBrSenTS2		SenNet	8/7/2023	mouse brain	codebook_0_SenNetPilot_BP0998.csv	306 genes	300 gene - 0010095202311090007540	Cantaloupe Z Drive, Deleted (failed experiment)	n/a	n/a	Faulty imaging cartridge: imaging not finished. failed experiment		99.80 mm²	8/7/2023 14:06	Aborted	Aborted		SenNet Mouse Brain M107 BP0998 1259 (young)+1264 (old) Slide 2	
20230818M107MUSBrSenTS4		SenNet	8/18/2023	mouse brain	codebook_0_SenNetPilot_BP0998.csv	306 genes	300 gene - 0010119202402200010311	Cantaloupe Z Drive, merfish8v1	Cantaloupe Z Drive	Cantaloupe Z Drive, merfish8v1	Many bubbles in gel		76.68 mm²	8/18/2023 17:38	8/19/2023 23:49	30:11:00		SenNet Mouse Brain M107 BP0998 1259 (young)+1264 (old) Slide 4	
20230825M108HLungD231RML6B1S1	SPA0033	Hubmap	8/25/2023	human lung	codebook_0_LungMapFinal2_VA86.csv	503 genes	500 gene - 0010094202310310007323	Watermelon Z Drive, merfish8v1	Watermelon Z Drive	Watermelon Z Drive, merfish8v1			99.12 mm²	8/25/2023 16:07	8/27/2023 7:09	39:02:00		M108 Human lung D231 RML 6B1 Slide 1 (RIN 6.5), FOV1377, 1927	
20230918M109MUSBrSenTS1		SenNet	9/18/2023	mouse brain	codebook_0_SenNetPilot_BP0998.csv	306 genes	300 gene - 0010126202403260011261	Cantaloupe Z Drive, merfish10	Cantaloupe Z Drive	Cantaloupe Z Drive, merfish10	Many bubbles in gel		98.52 mm²	9/18/2023 13:26	9/20/2023 2:06	36:40:00		SenNet Mouse Brain M109 BP0998 1259 (young)+1264 (old) Slide 1, Deleted	
20230918M110MUSBrSenTS3		SenNet	9/18/2023	mouse brain	codebook_0_SenNetPilot_BP0998.csv	306 genes	300 gene - 0010126202403260011263	Watermelon Z Drive, merfish8v1	Watermelon Z Drive	Watermelon Z Drive, merfish8v1		JO	99.76 mm²	9/18/2023 13:28	9/20/2023 2:17	36:49:00		SenNet Mouse Brain M110 BP0998 1259 (young)+1264 (old) Slide 3. Only 1259 young were imaged (old was cut off)	
20230929M111MusMBrSenTS1		SenNet	9/29/2023	mouse brain	codebook_0_SenNetPilot_BP0998.csv	306 genes	500 gene - 0010126202403260011223, Lot# 23090721	Cantaloupe Z Drive, merfish10	Cantaloupe Z Drive	Cantaloupe Z Drive, merfish10		JO	65.52 mm²					SenNet Mouse Brain M109 BP0998 1245 (young)+1012 (old) Slide 1. Overlapping samples	
20230929M112MusMBrSenTS2		SenNet	9/29/2023	mouse brain	codebook_0_SenNetPilot_BP0998.csv	306 genes	500 gene - 0010126202403260011162, Lot# 23090721	Watermelon Z Drive, merfish10	Watermelon Z Drive	Watermelon Z Drive, merfish10	Failed experiment		72.60 mm²	9/29/2023 14:24	9/30/2023 19:11	28:47:00		SenNet Mouse Brain M109 BP0998 1245 (young)+1012 (old) Slide 2, Deleted	
20231008M113MUSLivSenTS1		SenNet	10/8/2023	mouse liver	codebook_0_SenNetPilot_BP0998.csv	306 genes	500 gene - 0010126202403260011264, Lot#	Cantaloupe Z Drive, merfish10	Cantaloupe Z Drive	Cantaloupe Z Drive, merfish10		JO	72.76 mm²	10/8/2023 20:49	10/10/2023 1:51	29:02:00		SenNet Mouse Liver Female 1263 (young) + 1257 (old) Slide 1	
20231008M114MUSLivSenTS2		SenNet	10/8/2023	mouse liver	codebook_0_SenNetPilot_BP0998.csv	306 genes	500 gene - 0010126202403260011165, Lot#	Watermelon Z Drive, merfish10	Watermelon Z Drive	Watermelon Z Drive, merfish10		JO	75.64 mm²	10/8/2023 19:57	10/10/2023 1:44	29:47:00		SenNet Mouse Liver Female 1263 (young) + 1257 (old) Slide 2	
20231014M115HLungFFPES1	SPA0036	Hubmap	10/14/2023	human lung	none, smFISH	n/a	n/a	Cantaloupe Z Drive, merfish10	Cantaloupe Z Drive	Cantaloupe Z Drive, merfish10			?	10/14/2023 14:45	10/14/2023 16:18	1:33:00		Human Lung FFPE Slide 1	
20231020M117MUSMBrSenTS2		SenNet	10/20/2023	mouse brain	codebook_0_SenNetPilot_BP0998.csv	306 genes	500 gene - 0010131202404190011809	Cantaloupe Z Drive, merfish10	Cantaloupe Z Drive	Cantaloupe Z Drive, merfish10		JO	72.32 mm²	10/20/2023 18:09	10/21/2023 23:11	29:02:00		SenNet Mouse Brain Male M117 BP0998 1616(y)+1617(o) Slide 2	
20231020M115HLungFFPES1ReImage		Hubmap	10/20/2023	human lung	none, smFISH	n/a	n/a	Cantaloupe Z Drive, merfish10	Cantaloupe Z Drive	Cantaloupe Z Drive, merfish10			?	10/20/2023 12:09	10/20/2023 13:47	1:38:00		Human lung FFPE Slide 1 re-imaged at 10um	
20231023M116MUSMBrSenTS1		SenNet	10/23/2023	mouse brain	codebook_0_SenNetPilot_BP0998.csv	306 genes	500 gene - 0010126202403260011164, Lot# 23091316	Cantaloupe Z Drive, merfish13	Cantaloupe Z Drive	Cantaloupe Z Drive, merfish13	Failed experiment, DELETED		71.52 mm²	10/23/2023 15:03	10/27/2023 6:04	87:01:00		SenNet Mouse Brain Male M116 BP0998 1616(y)+1617(o) Slide 1	
20231023M118ChiMUSHeartE925	SPA0035	Chi/UCSD	10/23/2023	mouse embryo	codebook_0_QingquanLateStage_CP0842.csv	506 genes	500 gene - 0010126202403260011239, Lot# 23091316	Watermelon Z Drive, Jac TSCC, Chi lab	Watermelon Z Drive	Watermelon Z Drive, Jac TSCC, Chi lab			99.72 mm²	10/23/2023 21:00	10/25/2023 15:49	42:49:00		Qingquan/Chi lab MUS Embryo Heart E9.25 samples	
20231120M119ChiMUSHeartE165	SPA0035	Chi/UCSD	11/20/2023	mouse embryo	codebook_0_QingquanLateStage_CP0842.csv	506 genes	500 gene - 0010126202403260011269, Lot# 23091316	Cantaloupe Z Drive, merfish 13 (Auto), TSCC, Chi lab	Cantaloupe Z Drive	Cantaloupe Z Drive			99.96 mm²	11/20/2023 13:33	11/22/2023 8:42	43:09:00		Qingquan's samples for Chi lab E16.5	
20231121M121FFPEHLungS2	SPA0036	Hubmap	11/21/2023	human lung	none, smFISH	n/a	n/a	Watermelon Z Drive, merfish10	Watermelon Z Drive	Watermelon Z Drive, merfish10			93.68 mm²	11/21/2023 13:18	11/21/2023 14:56	1:38:00		FFPE Human Lung Slide 2 (from 10/9/23)	
20231122M120ChiMUSHeartE185	SPA0035	Chi/UCSD	11/22/2023	mouse embryo	codebook_0_QingquanLateStage_CP0842.csv	506 genes	500 gene - 0010115202402130010007, Lot# 23073118	Watermelon Z Drive, merfish 12 (Auto), TSCC, Chi Lab	Watermelon Z Drive	Watermelon Z Drive	Failed Experiment (faulty cartridge)		99.96 mm²	11/22/2023 13:12	11/24/2023 10:54	45:42:00		Qingquan's samples for Chi lab E18.5 (Watermelon)	
20231204M122ChiMUSHeartE10.5	SPA0035	Chi/UCSD	12/4/2023	mouse embryo	codebook_0_QingquanLateStage_CP0842.csv	506 genes	500 gene - 0010126202403260011268, Lot# 23091316	Cantaloupe Z Drive, merfish13 (Auto), TSCC, Chi lab	Cantaloupe Z Drive, merfish13, Chi lab	Cantaloupe Z Drive, merfish13, Chi lab			99.96 mm²	12/4/2023 14:10	12/6/2023 8:49	42:39:00		Qingquan's samples for Chi lab E10.5 (Cantaloupe)	
20231204M123ChiMUSHeartE9.5	SPA0035	Chi/UCSD	12/4/2023	mouse embryo	codebook_0_QingquanLateStage_CP0842.csv	506 genes	500 gene - 0010125202403220011126, Lot# 23092023	Watermelon Z Drive, merfish 12 (Auto), TSCC, Chi Lab	Watermelon Z Drive	Watermelon Z Drive			99.52 mm²	12/4/2023 16:37	12/6/2023 11:06	42:29:00		Qingquan's samples for Chi lab E9.5 WTKO with Proteinase III (Watermelon)	
20231207M124ZouLabS1	SPA0037	Zou/UCSD	12/7/2023	mouse brain (?)	none, smFISH	n/a	n/a	Cantaloupe Z Drive, merfish 13, FTP Transfer, Zou Lab	Cantaloupe Z Drive, merfish13	Cantaloupe Z Drive, merfish13			89.04 mm²			12/7/23 5:58 PM		Fresh frozen sample verification imaging for Zou Lab	
20231208M125ChiMUSHeartE9.5	SPA0035	Chi/UCSD	12/8/2023	mouse embryo	codebook_0_QingquanLateStage_CP0842.csv	506 genes	500 gene - 0010137202405150012584, Lot# 23103013	Cantaloupe Z Drive, merfish 13, TSCC, Chi Lab	Cantaloupe Z Drive, merfish13	Cantaloupe Z Drive, merfish13			85.56 mm²	12/8/2023 16:02	12/10/2023 6:30	38:28:00		Qingquan's samples for Chi lab E9.5 KO (Cantaloupe)	
20231213M126MUSLivSenTS1		SenNet	12/13/2023	mouse liver	codebook_0_SenNetPilot_BP0998.csv	306 genes	300 gene - 0010138202405170012635, Lot# 23110711	Cantaloupe Z Drive, merfish13 (auto)	Cantaloupe Z Drive, merfish13	Cantaloupe Z Drive, merfish13			88.12 mm²	12/13/2023 13:42	12/14/2023 23:17	33:35:00		SenNet Mouse Liver 1250(y)+1251(o) slide 1	
20231213M127MUSLivSenTS2		SenNet	12/13/2023	mouse liver	codebook_0_SenNetPilot_BP0998.csv	306 genes	300 gene - 0010138202405170012657, Lot# 23110711	Watermelon Z Drive, merfish12 (auto)	Watermelon Z Drive, merfish12	Watermelon Z Drive, merfish12			99.96 mm²	12/13/2023 14:06	12/15/2023 2:57	36:51:00		SenNet Mouse Liver 1250(y)+1251(o) slide 2	
20231214M128GleesonMUSEmbryoS1	Failed, not invoiced	Gleeson/UCSD	12/14/2023	mouse embryo	codebook_0_GleesonSpinalCordFinal_83.csv	300 genes	500 gene -	Honeydew D Drive	Honeydew Z Drive	Honeydew Z Drive	Failed Experiment (faulty cartridge)		42.76 mm²	-	-	-		Use cell boundary stains E10.5	
20231215M129GleesonMUSEmbryoS5	Failed, not invoiced	Gleeson/UCSD	12/15/2023	mouse embryo	codebook_0_GleesonSpinalCordFinal_83.csv	300 genes	500 gene -	Cantaloupe Z Drive	Cantaloupe Z Drive	Cantaloupe Z Drive	Failed Experiment (high-mag focus issue)		-	-	-	-			
20231219M130ChiMUSHeartE9.5	SPA0039	Chi/UCSD	12/19/2023	mouse embryo	codebook_0_QingquanLateStage_CP0842.csv	506 genes	500 gene - 0010142202406130013277, Lot# 23112865	Cantaloupe Z Drive, merfish13, TSCC, Chi Lab	Cantaloupe Z Drive, merfish13	Cantaloupe Z Drive, merfish13			99.88 mm²			0:00:00		Qingquan's samples for Chi lab E9.5 with Proteinase III	
20231219M131ChiMUSHeartE7.5	SPA0039	Chi/UCSD	12/19/2023	mouse embryo	codebook_0_QingquanLateStage_CP0842.csv	506 genes	500 gene - 0010142202406130013217, Lot# 23112865	Honeydew D Drive, merfish12 (manual), Chi Lab	Honeydew Z Drive	Honeydew Z Drive			79.96 mm²			0:00:00		Qingquan's samples for Chi lab E7.5 with Proteinase III	
20240108M132ZouLabS1	SPA0037	Zou/UCSD	1/8/2024	mouse spinal cord	codebook_0_MERSCOPEPanNeuroCellTypePanel500_VA00282.csv	500 genes	500 gene - 0010142202406130013329, Lot# 23112865	Cantaloupe Z Drive, merfish13, Zou server, deleted 1/26	Cantaloupe Z Drive, merfish13	Cantaloupe Z Drive, merfish13			25.72 mm²	1/8/2024 11:34	1/9/2024 0:59	13:25:00		Fresh frozen sample imaging for Zou Lab	
20240126M133UWA7648CX22PuS2		BICAN	1/26/2024	human brain	codebook_0_BICAN-CORE-UCSD_CP1403.csv	503 genes	500 gene - 0010147202407170014068, Lot# 23122804	Cantaloupe Z Drive, merfish13	Cantaloupe Z Drive, merfish13	Cantaloupe Z Drive, merfish13			29.32 mm²	1/26/2024 16:17	1/27/2024 7:56	15:39:00		BICAN Sample ID: UWA.7648.CX22.Pu, Slide 2, BICANRen1	
20240126M134UWA7648CX22PuS6		BICAN	1/26/2024	human brain	codebook_0_BICAN-CORE-UCSD_CP1403.csv	503 genes	500 gene - 0010147202407170014033, Lot# 23122804	Watermelon Z Drive, merfish12	Watermelon Z Drive, merfish12	Watermelon Z Drive, merfish12			30.60 mm²	1/26/2024 16:27	1/27/2024 8:27	16:00:00		BICAN Sample ID: UWA.7648.CX22.Pu, Slide 6, BICANRen2	
20240202M135BICANRen3		BICAN	2/2/2024	human brain	codebook_0_BICAN-CORE-UCSD_CP1403.csv	503 genes	500 gene - 0010147202407170014000, Lot# 23122804	Watermelon Z Drive, merfish12	Watermelon Z Drive, merfish12	Watermelon Z Drive, merfish12			58.12 mm²	2/2/2024 17:10	2/3/2024 17:02	23:52:00		BICAN Sample ID: UWA.7648.CX17.CaH, Slide 6	
20240207M136GleesonMUSEmbryoS1	SPA0038	Gleeson/UCSD	2/7/2024	mouse embryo	codebook_0_GleesonSpinalCordFinal_83.csv	300 genes	500 gene - 0010142202406130013301, Lot# 23112865	Cantaloupe Z Drive,  merfish13, TSCC, Gleeson	Cantaloupe Z Drive	Cantaloupe Z Drive, Gleeson Lab	Low transcript detection		78.48 mm²	2/7/2024 14:36	2/8/2024 18:04	27:28:00		Use cell boundary stains E11.5	
20240207M137GleesonMUSEmbryoS2	SPA0038	Gleeson/UCSD	2/7/2024	mouse embryo	codebook_0_GleesonSpinalCordFinal_83.csv	300 genes	500 gene - 0010142202406130013310, Lot# 23112865	Honeydew D Drive, TSCC, Gleeson	Honeydew Z Drive	Honeydew Z Drive, Gleeson Lab	Low transcript detection		32.36 mm²	2/7/2024 14:37	2/8/2024 5:11	14:34:00		Use cell boundary stains E10.5	
20240209M138BICANRen4		BICAN	2/9/2024	human brain	codebook_0_BICAN-CORE-UCSD_CP1403.csv	503 genes	500 gene - 0010147202407170014010, Lot# 23122804	Cantaloupe Z Drive, merfish13	Cantaloupe Z Drive, merfish13	Cantaloupe Z Drive, merfish13			42.36 mm²	2/9/2024 13:35	2/10/2024 9:11	19:36:00		BICAN Sample ID: UWA.7648.CX20.CaB, Slide 6	
20240216M139BICANRen5		BICAN	2/16/2024	human brain	codebook_0_BICAN-CORE-UCSD_CP1403.csv	503 genes	500 gene - 0010142202406130013281, Lot# 23112865	Watermelon Z Drive, merfish16, S3	Watermelon Z Drive, merfish16	Watermelon Z Drive, merfish16			36.00 mm²	2/16/2024 12:04	2/17/2024 5:47	17:43:00		BICAN Sample ID: UWA.7648.CX26.EC, Slide 6	
20240223M140BICANRen6		BICAN	2/23/2024	human brain	codebook_0_BICAN-CORE-UCSD_CP1403.csv	503 genes	500 gene - 0010147202407170013981, Lot# 23122803	Cantaloupe Z Drive, merfish15	Cantaloupe Z Drive, merfish15	Cantaloupe Z Drive, merfish15			38.64 mm²	2/23/2024 20:23	2/24/2024 14:47	18:24:00		BICAN Sample ID: UWA.7648.CX21.EC, Slide 2	
20240223M141BICANRen7		BICAN	2/23/2024	human brain	codebook_0_BICAN-CORE-UCSD_CP1403.csv	503 genes	500 gene - 0010147202407170013989, Lot# 23122803	Watermelon Z Drive, merfish16	Watermelon Z Drive, merfish16	Watermelon Z Drive, merfish16			48.36 mm²	2/23/2024 20:31	2/24/2024 17:39	21:08:00		BICAN Sample ID: UWA.7648.CX23.THM.01, Slide 6	
20240223M142FFPEHLung	new invoice or add to 36?	Hubmap	2/23/2024	human lung	codebook_0_LungMapFinal2_VA86.csv	503 genes	500 gene - 0010142202406130013206, Lot# 23121331	Honeydew Z Drive, merfish14	Honeydew Z Drive, merfish14	Honeydew Z Drive, merfish14			79.60 mm²	2/23/2024 20:58	2/25/2024 5:12	32:14:00		FFPE TMA Human Lung	
20240229M143BICANRen8		BICAN	2/29/2024	human brain	codebook_0_BICAN-CORE-UCSD_CP1403.csv	503 genes	500 gene - 0010151202408210014728, Lot# 24020506	Cantaloupe Z Drive, merfish15	Cantaloupe Z Drive, merfish15	Cantaloupe Z Drive, merfish15			49.28 mm²	2/29/2024 17:59	3/1/2024 15:21	21:22:00		BICAN Sample ID: UWA.7648.CX24.M1C, Slide 4	
20240229M144BICANRen9		BICAN	2/29/2024	human brain	codebook_0_BICAN-CORE-UCSD_CP1403.csv	503 genes	500 gene - 0010151202408210014679, Lot# 24020506	Watermelon Z Drive, merfish16	Watermelon Z Drive, merfish16	Watermelon Z Drive, merfish16			49.72 mm²	2/29/2024 18:05	3/1/2024 15:30	21:25:00		BICAN Sample ID: UWA.7648.CX10.A46, Slide 6	
20240304M145SchnitzerS10	SPA0040	Schnitzer/Stanford	3/4/2024	mouse brain	none, smFISH	n/a	n/a	Cantaloupe Z Drive, merfish15 (auto)	Cantaloupe Z Drive, merfish15 (auto)	Cantaloupe Z Drive, merfish15 (auto)								Schnitzer lab mouse brain verification. Slide 10	
20240304M146SchnitzerS11	SPA0040	Schnitzer/Stanford	3/4/2024	mouse brain	none, smFISH	n/a	n/a	Watermelon Z Drive, merfish16 (auto)	Watermelon Z Drive, merfish16 (auto)	Watermelon Z Drive, merfish16 (auto)								Schnitzer lab mouse brain verification. Slide 11	
20240306M147MUSBrSenTS1		SenNet	3/6/2024	mouse brain	codebook_0_SenNetPilot_BP0998.csv	306 genes	300 gene - 0010143202406260013354, lot# 23122134	Cantaloupe Z Drive, merfish15 (auto)	Cantaloupe Z Drive, merfish15	Cantaloupe Z Drive, merfish15	Focusing issues. Summary png looks off		86.92 mm²			Failed run		SenNet Mouse Brain M147 BP0998 1753YF+1754OF Slide 1	
20240308M148BICANRen10		BICAN	3/11/2024	human brain	codebook_0_BICAN-CORE-UCSD_CP1403.csv	503 genes	500 gene - 0010146202407160013904, Lot# 23122727	Watermelon Z Drive, merfish16	Watermelon Z Drive, merfish16	Watermelon Z Drive, merfish16			42.88 mm²	3/11/2024 12:00	3/12/2024 7:35	19:35:00		BICAN Sample ID: UWA.7648.CX41.V1C, Slide 2	
20240308M149BICANRen11 		BICAN	3/8/2024	human brain	codebook_0_BICAN-CORE-UCSD_CP1403.csv	503 genes	500 gene - 0010146202407160013937, Lot# 23122727	Watermelon Z Drive, merfish16	Watermelon Z Drive, merfish16	Watermelon Z Drive, merfish16			52.96 mm²	3/8/2024 13:57	3/9/2024 12:25	22:28:00		BICAN Sample ID: UWA.7648.CX31.PPHC, Slide 4	
20240306M150MUSBrSenTS2		SenNet	3/9/2024	mouse brain	codebook_0_SenNetPilot_BP0998.csv	306 genes	300 gene - 0010151202408210014729, lot# 24020506	Cantaloupe Z Drive, merfish15 (auto)	Cantaloupe Z Drive, merfish15	Cantaloupe Z Drive, merfish15		JO	80.92 mm²	3/9/2024 16:49	3/11/2024 1:37	32:48:00		SenNet Mouse Brain M150 BP0998 1753YF+1754OF Slide 2	
20240320M151MUSBrSenTS2		SenNet	3/20/2024	mouse brain	codebook_0_SenNetPilot_BP0998.csv	306 genes	300 gene - 0010155202409050015213, lot# 24022652	Honeydew Z Drive, merfish14 (auto)	Honeydew Z Drive, merfish14 (no-auto)	Honeydew Z Drive, merfish14 (auto)		JO	81.12 mm²	3/20/2024 12:46	3/21/2024 19:43	30:57:00		SenNet Mouse Brain M151 BP0998 1755YF+1756OF Slide 2	
20240322M152MUSBrSenTS1		SenNet	3/22/2024	mouse brain	codebook_0_SenNetPilot_BP0998.csv	306 genes	300 gene - 0010157202409120015579, lot# 24030815	Honeydew Z Drive, merfish14 (auto)	Honeydew Z Drive, merfish14 (no-auto)	Honeydew Z Drive, merfish14 (auto)			79.64 mm²	3/22/2024 17:23	3/23/2024 23:53	30:30:00		SenNet Mouse Brain M152 BP0998 1755YF+1756OF Slide 1	
20240322M153BICANRen12		BICAN	3/22/2024	human brain	codebook_0_BICAN-CORE-UCSD_CP1403.csv	503 genes	500 gene - 0010157202409120015521, Lot# 24030815	Cantaloupe Z Drive, merfish15	Cantaloupe Z Drive, merfish15	Cantaloupe Z Drive, merfish15			57.20 mm²	3/22/2024 17:08	3/23/2024 16:57	23:49:00		BICAN Sample ID: UWA.7648.CX04.A10, Slide 6	
20240322M154BICANRen13		BICAN	3/22/2024	human brain	codebook_0_BICAN-CORE-UCSD_CP1403.csv	503 genes	500 gene - 0010157202409120015586, Lot# 24030815	Watermelon Z Drive, merfish16 (auto)	Watermelon Z Drive, merfish16 (auto)	Watermelon Z Drive, merfish16 (auto)			56.96 mm²	3/22/2024 17:16	3/23/2024 16:53	23:37:00		BICAN Sample ID: UWA.7648.CX07.A9, Slide 6	
20240407M155BICANRen14		BICAN	4/7/2024	human brain	codebook_0_BICAN-CORE-UCSD_CP1403.csv	503 genes	500 gene - 0010157202409120015565, Lot# 24030814	Honeydew Z Drive, merfish14 (auto)	Honeydew Z Drive, merfish14 (no-auto)	Honeydew Z Drive, merfish14 (auto)			35.88 mm²	4/7/2024 16:06	4/8/2024 21:28	29:22:00		BICAN Sample ID: UWA.7648.CX22.Pu.R1, Slide 4	
20240407M156BICANRen15		BICAN	4/7/2024	human brain	codebook_0_BICAN-CORE-UCSD_CP1403.csv	503 genes	500 gene - 0010157202409120015603, Lot# 24030814	Watermelon Z Drive, merfish16 (auto)	Watermelon Z Drive, merfish16 (auto)	Watermelon Z Drive, merfish16 (auto)			46.68 mm²	4/7/2024 16:06	4/8/2024 12:48	20:42:00		BICAN Sample ID: UWA.7648.CX18.A8, Slide 6	
20240408M157BICANRen16		BICAN	4/8/2024	human brain	codebook_0_BICAN-CORE-UCSD_CP1403.csv	503 genes	500 gene - 0010163202410080016475, Lot# 24032636	Honeydew Z Drive, merfish14 (no-auto)	Honeydew Z Drive, merfish14 (no-auto)	Honeydew Z Drive, merfish14 (no-auto)			49.08 mm²	4/8/2024 16:34	4/9/2024 13:40	21:06:00		BICAN Sample ID: UWA.7648.CX17.A44, Slide 6	
20240408M158BICANRen17		BICAN	4/8/2024	human brain	codebook_0_BICAN-CORE-UCSD_CP1403.csv	503 genes	500 gene - 0010157202409120015601, Lot# 24030814	Watermelon Z Drive, merfish16 (auto)	Watermelon Z Drive, merfish16 (auto)	Watermelon Z Drive, merfish16 (auto)			60.16 mm²	4/8/2024 16:42	4/9/2024 17:20	24:38:00		BICAN Sample ID: UWA.7648.CX23.THM.01.R1, Slide 6R	
20240409M159ChiMUSHeartE8.5	SPA0039	Chi/UCSD	4/9/2024	mouse embryo	codebook_0_QingquanLateStage_CP0842.csv	506 genes	500 gene - 0010163202410080016501, Lot# 24032636	Honeydew Z Drive, merfish18 (no-auto), TSCC Chi Lab	Honeydew Z Drive, merfish18 (no-auto), TSCCrm 5/6/24, Chi Lab	Honeydew Z Drive, merfish18 (no-auto), TSCC, rm 5/6/24, Chi Lab			100.00 mm²	4/9/2024 16:48	4/11/2024 10:56	42:08:00		Qingquan's samples for Chi lab E8.5 with Proteinase III	
20240416M160ChiMUSHeartE8.5	failed	Chi/UCSD	4/16/2024	mouse embryo	codebook_0_QingquanLateStage_CP0842.csv	506 genes	500 gene - 0010163202410080016480, Lot# 24032636	Honeydew Z Drive, merfish18 (no-auto)	Honeydew Z Drive, merfish18 (no-auto)	Honeydew Z Drive, merfish18 (no-auto)	MERSCOPE computer froze halfway through imaging		99.84 mm²			0:00:00		Qingquan's samples for Chi lab E8.5	
20240419M161MusLivSenTS1		SenNet	4/19/2024	mouse liver	codebook_0_SenNetPilot_BP0998.csv	306 genes	300 gene - 0010155202409050015329, Lot# 24030615	Honeydew Z Drive, merfish14 (auto)	Honeydew Z Drive, merfish14 (auto)	Honeydew Z Drive, merfish14 (auto)	Low transcript detection	JO	75.08 mm²	4/19/2024 19:27	4/21/2024 2:38	31:11:00			
20240419M162MusLivSenTS3		SenNet	4/19/2024	mouse liver	codebook_0_SenNetPilot_BP0998.csv	306 genes	300 gene - 0010159202409200015964, Lot# 24031419	Watermelon Z Drive, merfish16 (auto)	Watermelon Z Drive, merfish16 (auto)	Watermelon Z Drive, merfish16 (auto)	Low transcript detection	JO	82.04 mm²	4/19/2024 19:13	4/21/2024 0:57	29:44:00			
20240421M163SchnitzerMUSBrainSlice8-9	SPA0041	Schnitzer/Stanford	4/21/2024	mouse brain	codebook_0_MERSCOPEPanNeuroCellTypePanel500_VA00282.csv	500 genes	Can be found in 'experiment.json' and 'report.html'	Watermelon Z Drive, merfish16 (auto)	Watermelon Z Drive, merfish16 (auto)	Watermelon Z Drive, merfish16 (auto)	Low transcript detection		46.32 mm²	4/21/2024 13:30	4/22/2024 8:24	18:54:00		Schnitzer MUS Brain Slice 8-9	
20240503M164ChiMUSHeartE8.5	SPA0043	Chi/UCSD	5/3/2024	mouse embryo	codebook_0_QingquanLateStage_CP0842.csv	506 genes	500 gene - 0010160202409250016007, Lot# 24042215	Cantaloupe, merfish15 (auto), Jac TSCC, Chi	Cantaloupe, merfish15 (auto), Jac TSCC, Chi	Cantaloupe, merfish15 (auto), Jac TSCC, Chi			99.64 mm²	5/3/2024 13:01	5/5/2024 7:52	42:51:00		Qingquan's sample for Chi lab E8.5	
20240503M165BICANRen18		BICAN	5/3/2024	human brain	codebook_0_BICAN-CORE-UCSD_CP1403.csv	503 genes	500 gene - 0010160202409250016085	Honeydew Z Drive, merfish14 (auto)	Honeydew Z Drive, merfish14 (no-auto)	Honeydew Z Drive, merfish14 (auto)			39.16 mm²	5/3/2024 12:43	5/4/2024 6:57	18:14:00		BICAN Sample ID: UWA.7648.CX22.Pu.R2, Slide 4	
20240511M167BICANRen19		BICAN	5/11/2024	human brain	codebook_0_BICAN-CORE-UCSD_CP1403.csv	503 genes	500 gene - 0010160202409250016070	Watermelon Z Drive, merfish16 (auto)	Watermelon Z Drive, merfish16 (auto)	Watermelon Z Drive, merfish16 (auto)			38.12 mm²	5/11/2024 16:31	5/12/2024 10:55	18:24:00		BICAN Sample ID: UWA.7648.CX22.Pu.R2, Slide 6	
20240524M168BICANRen20		BICAN	5/24/2024	human brain	codebook_0_BICAN-CORE-UCSD_CP1403.csv	503 genes	500 gene - 0010160202409250016027	Honeydew Z Drive, merfish14 (auto)	Honeydew Z Drive, merfish14 (auto)	Honeydew Z Drive, merfish14 (auto)			40.28 mm²	5/24/2024 12:47	5/25/2024 7:34	18:47:00		BICAN Sample ID: UWA.7648.CX20.CaB, Slide 2, 37C Fixation	
20240524M169BICANRen21		BICAN	5/24/2024	human brain	codebook_0_BICAN-CORE-UCSD_CP1403.csv	503 genes	500 gene - 0010157202409120015537	Watermelon Z Drive, merfish16 (auto)	Watermelon Z Drive, merfish16 (auto)	Watermelon Z Drive, merfish16 (auto)			40.52 mm²	5/24/2024 12:56	5/25/2024 8:02	19:06:00		BICAN Sample ID: UWA.7648.CX20.CaB, Slide 3, 47C Fixation	
20240528M166ChiMUSHeartE12.5-1		Chi/UCSD	5/28/2024	mouse embryo	codebook_0_QingquanLateStage_CP0842.csv	506 genes	500 gene - 0010137202405150012493, Lot# 23103013	Cantaloupe, merfish15 (auto), Jac TSCC, Chi	Cantaloupe, merfish15 (auto), Jac TSCC, Chi	Cantaloupe, merfish15 (auto), Jac TSCC, Chi			99.16 mm²	5/28/2024 14:14	5/30/2024 9:17	43:03:00		Qingquan's sample for Chi lab E12.5-1	
20240528M170ChiMUSHeartE12.5-2		Chi/UCSD	5/28/2024	mouse embryo	codebook_0_QingquanLateStage_CP0842.csv	506 genes	500 gene - 0010160202409250015999, Lot# 24042215	Watermelon, merfish16 (auto), Jac TSCC, Chi	Watermelon, merfish16 (auto), Jac TSCC, Chi	Watermelon, merfish16 (auto), Jac TSCC, Chi			99.80 mm²	5/28/2024 14:41	5/30/2024 9:51	43:10:00		Qingquan's sample for Chi lab E12.5-2	
20240529M171GleesonMUSEmbryoS1	SPA0042	Gleeson	5/29/2024	mouse embryo	codebook_0_GleesonSpinalCordFinal_83.csv	300 genes	300 gene - 0010159202409200015895, Lot# 24040106	Honeydew Z Drive, Gleeson Lab	Honeydew Z Drive, Gleeson Lab	Honeydew Z Drive, Gleeson Lab			59.28 mm²	5/29/2024 14:30	5/30/2024 11:09	20:39:00		Slide 1 Use Cell Boundary Stain	
20240530M172GleesonMUSEmbryoS2	SPA0042	Gleeson	5/30/2024	mouse embryo	codebook_0_GleesonSpinalCordFinal_83.csv	300 genes	300 gene - 0010159202409200015915, Lot# 24040106	Watermelon Z Drive, Gleeson Lab	Watermelon Z Drive, Gleeson Lab	Watermelon Z Drive, Gleeson Lab			78.76 mm²	5/30/2024 12:33	5/31/2024 14:29	25:56:00		Slide 2 Use Cell Boundary Stain	
20240614M173SchnitzerMUSBrainSlice18	SPA0041	Schnitzer/Stanford	6/14/2024	mouse brain	codebook_0_MERSCOPEPanNeuroCellTypePanel500_VA00282.csv	500 genes	Can be found in 'experiment.json' and 'report.html'									0:00:00		Schnitzer MUS Brain Slice 18	
20240614M174ChiMUSHeartE6.5-E7.5	SPA0043	Chi/UCSD	6/14/2024	mouse embryo	codebook_0_QingquanLateStage_CP0842.csv	506 genes	500 gene - 0010160202409250016043, Lot# 24040510	Cantaloupe, merfish15 (auto), Jac TSCC, Chi	Cantaloupe, merfish15 (auto), Jac TSCC, Chi	Cantaloupe, merfish15 (auto), Jac TSCC, Chi				6/14/2024 14:08	6/16/2024 9:57	43:49:00		Qingquan's sample for Chi lab E6.5-E7.5	
20240628M175ChiMUSHeartE8.25	SPA0043	Chi/UCSD	6/28/2024	mouse embryo	codebook_0_QingquanLateStage_CP0842.csv	506 genes	500 gene - 0010160202409250016035, Lot# 24040510	Cantaloupe, merfish15 (auto), Jac TSCC, Chi	Cantaloupe, merfish15 (auto), Jac TSCC, Chi	Cantaloupe, merfish15 (auto), Jac TSCC, Chi			99.64 mm²	6/28/2024 14:10	6/30/2024 9:32	43:22:00		Qingquan's sample for Chi lab E8.25	
20240722M176BICANRen22		BICAN	7/22/2024	human brain	codebook_0_BICAN-CORE-UCSD_CP1403.csv	503 genes	500 gene - 0010165202410160016821, Lot# 24050129	Cantaloupe Z Drive, merfish15	Cantaloupe Z Drive, merfish15	Cantaloupe Z Drive, merfish15			45.04 mm²	7/22/2024 12:27	7/23/2024 8:52	20:25:00		BICAN Sample ID: UCI.4723.CX07.A46, Slide 2, 47C Fixation BRAIN2	
20240722M177BICANRen23		BICAN	7/24/2024	human brain	codebook_0_BICAN-CORE-UCSD_CP1403.csv	503 genes	500 gene - 0010165202410160016879, Lot# 24043011	Honeydew Z Drive, merfish14	Honeydew Z Drive, merfish14	Honeydew Z Drive, merfish14			29.48 mm²	7/24/2024 14:29	7/25/2024 6:13	15:44:00		BICAN Sample ID: UCI.4723.CX16.Pu, Slide 6, 47C Fixation BRAIN2	
20240819M178MusLivSenTS2		SenNet	8/19/2024	mouse liver	codebook_0_SenNetPilot_BP0998.csv	306 genes	300 gene - 0010159202409200015965 	Cantaloupe Z Drive, merfish15	Cantaloupe Z Drive, merfish15	Cantaloupe Z Drive, merfish15		JO	85.08 mm²	8/19/2024 13:58	8/20/2024 23:28	33:30:00		SenNet Mouse Liver 2343(ym)+2349(om) slide 2	
20240819M179MusLivSenTS3		SenNet	8/19/2024	mouse liver	codebook_0_SenNetPilot_BP0998.csv	306 genes	300 gene - 0010159202409200015821 	Watermelon Z Drive, merfish16	Watermelon Z Drive, merfish16	Watermelon Z Drive, merfish16		JO	87.76 mm²	8/19/2024 14:17	8/21/2024 0:09	33:52:00		SenNet Mouse Liver 2343(ym)+2349(om) slide 3	
20240928M180MusLivSenTS1		SenNet	9/28/2024	mouse liver	codebook_0_SenNetPilot_BP0998.csv	306 genes	300 gene - 0010175202501080017909, Lot# 24073101	Cantaloupe Z Drive, merfish15	Cantaloupe Z Drive, merfish15	Cantaloupe Z Drive, merfish15		JO	56.12 mm²	9/28/2024 12:24	9/29/2024 15:29	27:05:00		SenNet Mouse Liver 2343(ym)+2349(om) slide 1	
20240928M181MusLivSenTS3		SenNet	9/28/2024	mouse liver	codebook_0_SenNetPilot_BP0998.csv	306 genes	300 gene - 0010175202501080017921, Lot# 24073101	Watermelon Z Drive, merfish16	Watermelon Z Drive, merfish16	Watermelon Z Drive, merfish16		JO	91.08 mm²	9/28/2024 12:24	9/29/2024 23:12	34:48:00		SenNet Mouse Liver 2344(ym)+2350(om) slide 3	
20241108M182MusLivSenTS2		SenNet	11/8/2024	mouse liver	codebook_0_SenNetPilot_BP0998.csv	306 genes	300 gene - 0010175202501080017906, Lot# 24073101	Honeydew Z Drive, merfish14	Honeydew Z Drive, merfish14	Honeydew Z Drive, merfish14		JO	93.96 mm²	11/8/2024 13:28	11/10/2024 0:18	34:50:00		SenNet Mouse Liver 2345(ym)+2347(om) slide 2	{0:'old', 1:'old', 2:'young'}
20241108M183MusLivSenTS3		SenNet	11/8/2024	mouse liver	codebook_0_SenNetPilot_BP0998.csv	306 genes	300 gene - 0010175202501080017922, Lot# 24073101	Cantaloupe Z Drive, merfish15	Cantaloupe Z Drive, merfish15	Cantaloupe Z Drive, merfish15		JO	100.00 mm²	11/8/2024 13:36	11/10/2024 3:27	37:51:00		SenNet Mouse Liver 2345(ym)+2347(om) slide 3	{0:'old', 1:'old', 2:'young'}
20250116M184MusColSenTS1		SenNet	1/16/2025	mouse colon	smFISH	Verification	Verification	HoneydewUltra	HoneydewUltra	HoneydewUltra	Cy3 channel dropped out due to bug in Vizgen software. Image acquisition ruined so Verification Run failed		27.44 mm²	1/16/2025 15:32	1/16/2025 15:47	0:15:00		SenNet Mouse Colon 2571(yf)+2559(of) slide 1	
20250116M185MusColSenTS2		SenNet	1/16/2025	mouse colon	smFISH	Verification	Verification	WatermelonUltra	WatermelonUltra	WatermelonUltra	Cy3 channel dropped out due to bug in Vizgen software. Image acquisition ruined so Verification Run failed		28.78 mm²	1/16/2025 15:34	1/16/2025 15:49	0:15:00		SenNet Mouse Colon 2571(yf)+2559(of) slide 2	
BICANTraining		Training	1/31/2025	mouse brain	codebook_0_V2PM1_AM1620_0.csv	140 genes	140 gene - 2110198202506130020204	HoneydewUltra, merfish15	HoneydewUltra	HoneydewUltra, merfish15		EB	57.19 mm²	1/31/2025 12:34	1/31/2025 23:26	10:52:00		Ultra Training Experiment with the BICAN team (Salk/Marga's Lab + UCSD)	
20250207M186MBrainPractice		ForJesus	2/7/2025	mouse brain	codebook_0_V2PM1_AM1620_0.csv	140 genes	140 gene - 2110198202506130020203	WatermelonUltra	WatermelonUltra	WatermelonUltra			54.64 mm²	2/7/2025 12:37	2/8/2025 7:38	19:01:00		Jesus's mock run on WatermelonUltra to make sure software and fluidics are working properly on the instrument	
20250213M187MusColSenTS1		SenNet	2/13/2025	mouse colon	smFISH	Verification	Verification	HoneydewUltra	HoneydewUltra	HoneydewUltra			44.69 mm²	2/13/2025 14:53	2/13/2025 15:23	0:30:00		SenNet Mouse Colon 2569Y+2560O slide 1	
20250213M188MusColSenTS2		SenNet	2/13/2025	mouse colon	smFISH	Verification	Verification	WatermelonUltra	WatermelonUltra	WatermelonUltra			36.61 mm²	2/13/2025 15:05	2/13/2025 15:45	0:40:00		SenNet Mouse Colon 2569Y+2560O slide 2	
20250228M189BICANRen24		BICAN	2/28/2025	human brain	codebook_0_HuBrainBICAN1K_D2M2006.csv	960 genes	1000 genes V2 - 2240198202506190020570, Lot# 25021302	WatermelonUltra, merfish16	WatermelonUltra, merfish16	WatermelonUltra, merfish16			169.74 mm²	2/28/2025 14:13	3/2/2025 6:27	40:14:00		BICAN Sample ID: BICAN 4x1 PU.E.01 (Sample from Ecker Lab). 1-UWA7648E01PU, 2-UCI4723E01PU, 3-UCI2424E01PU, 4- UCI5224E01PU	
20250330M190BICANRen25		BICAN	3/30/2025	human brain	codebook_0_HuBrainBICAN1K_D2M2006.csv	960 genes	1000 genes V2 - 2240198202506190020569, Lot# 25021802	HoneydewUltra, merfish14	HoneydewUltra, merfish14	HoneydewUltra, merfish14			220.85 mm²	3/30/2025 15:18	4/1/2025 15:03	47:45:00		BICAN Sample ID: BICAN 4x1 A9.Q.04. 1-UWA7648Q04A9, 2-UCI4723Q04A9, 3-UCI2424Q04A9, 4- UCI5224Q04A9	
20240408M191SenTMusLiverTrialRun		SenNet	4/8/2025	mouse liver	smFISH	Verification	Verification	WatermelonUltra	WatermelonUltra	WatermelonUltra			185.73 mm²					Verification run for testing old mouse liver samples with large MERSCOPE slide	
20250412M192BICANRen26		BICAN	4/12/2025	human brain	codebook_0_HuBrainBICAN1K_D2M2006.csv	960 genes	1000 genes V2 - 2240198202506190020571, Lot# 25021302	WatermelonUltra, merfish16	WatermelonUltra	WatermelonUltra			162.14 mm²	4/12/2025 12:51	4/14/2025 4:20	39:29:00		Repeat of M190 Ren25	
20250419M193BICANRen27		BICAN	4/19/2025	human brain	codebook_0_HuBrainBICAN1K_D2M2006.csv	960 genes	1000 genes V2 - 2240198202506190020567, Lot# 25021302	HoneydewUltra, merfish14	HoneydewUltra, merfish14	HoneydewUltra, merfish14			216.39 mm²	4/19/2025 13:33	4/21/2025 13:11	47:38:00		BICAN Sample ID: BICAN 4x1 A46.Q.04. 1-UWA7648Q04A46, 2-UCI4723Q04A46, 3-UCI2424Q04A46, 4- UCI5224Q04A46	
20250504M194SenTMusLiver		SenNet	5/4/2025	mouse liver	codebook_0_SenNetV2_B2P2153.csv	306 genes	300 gene V2 - 2220209202510030021276, Lot# 25040822	WatermelonUltra	WatermelonUltra	WatermelonUltra			209.18 mm²	5/4/2025 11:37	5/6/2025 11:07	47:30:00		Mus Liver 2749YM + 2678OM + 2845GM + 2846GM + 2847GM + 2844Tum	
20250516M195SenTMusLiver		SenNet	5/16/2025	mouse liver	codebook_0_SenNetV2_B2P2153.csv	306 genes	300 gene V2 - 2220209202510030021278, Lot# 25040822	WatermelonUltra	WatermelonUltra	WatermelonUltra			166.20 mm²	5/16/2025 12:46	5/18/2025 4:38	39:52:00		Mus Liver 2442YM-p53ko + 2444OM-p53ko + 2446YM-p53ko + 2452OM-p53ko + 2749bYM + 2456OM-p53ko	
20250516M196BICANRen28		BICAN	5/16/2025	human brain	codebook_0_HuBrainBICAN1K_D2M2006.csv	960 genes	1000 genes V2 - 2240209202510010021318, Lot# 25041102	HoneydewUltra	n/a	n/a	Failed experiment: "Limitation in the software configuration"		219.99 mm²	n/a	n/a	n/a		BICAN Sample ID: BICAN 4x1 M1C.Q.04. 1-UWA7648Q04M1C, 2-UCI4723Q04M1C, 3-UCI2424Q04M1C, 4- UCI5224Q04M1C	
20250519M197BICANRen29		BICAN	5/19/2025	human brain	codebook_0_HuBrainBICAN1K_D2M2006.csv	960 genes	1000 genes V2 - 2240211202510140021546, Lot# 25050107	Watermelon Z Drive, merfish16		Watermelon Z Drive, merfish16			204.15 mm²	5/19/2025 14:12		-1099118:12:00		BICAN Sample ID: BICAN 4x1 A8.Q.04. 1-UWA7648Q04A8, 2-UCI4723Q04A8, 3-UCI2424Q04A8, 4- UCI5224Q04A8	
20250523M198BICANRen30		BICAN	5/23/2025	human brain	codebook_0_HuBrainBICAN1K_D2M2006.csv	960 genes	1000 genes V2 - , Lot# 	HoneydewUltra, merfish14		HoneydewUltra, merfish14			184.63 mm²			0:00:00		BICAN Sample ID: BICAN 4x1 V1C.Q.06. 1-UWA7648Q06V1C, 2-UCI4723Q06V1C, 3-UCI2424Q06V1C, 4- UCI5224Q06V1C	
20250523M199BICANRen31		BICAN	5/23/2025	human brain	codebook_0_HuBrainBICAN1K_D2M2006.csv	960 genes	1000 genes V2 - , Lot# 	Watermelon Z Drive, merfish16		Watermelon Z Drive, merfish16			204.00 mm²			0:00:00		BICAN Sample ID: BICAN 4x1 M1C.Q.05. 1-UWA7648Q05M1C, 2-UCI4723Q05M1C, 3-UCI2424Q05M1C, 4- UCI5224Q05M1C	
20250531M200BICANRen32		BICAN	5/31/2025	human brain	codebook_0_HuBrainBICAN1K_D2M2006.csv	960 genes	1000 genes V2 - , Lot# 	HoneydewUltra, merfish14		HoneydewUltra, merfish14			195.29 mm²			0:00:00		BICAN Sample ID: BICAN 4x1 MTC.Q.04. 1-UWA7648Q04MTC, 2-UCI4723Q04MTC, 3-UCI2424Q04MTC, 4- UCI5224Q04MTC	
20250613M201SenTMusLiver		SenNet	6/13/2025	mouse liver	codebook_0_SenNetV2_B2P2153.csv	306 genes	300 gene V2 - 2220209202510030021280, Lot# 25040822	WatermelonUltra	WatermelonUltra	WatermelonUltra			220.77 mm²	6/13/2025 12:49	6/15/2025 20:30	55:41:00		Mus Liver 2561OF + 2569YF + 2570YF + 2746GF + 2747GF + 2749cYM	
20250615M202BICANRen33		BICAN	6/15/2025	human brain	codebook_0_HuBrainBICAN1K_D2M2006.csv	960 genes	1000 genes V2 - 2240211202510140021574, Lot# 25050107	HoneydewUltra, merfish14		HoneydewUltra, merfish14			188.24 mm²			0:00:00		BICAN Sample ID: BICAN 4x1 A32.Q.04. 1-UWA7648Q04A32, 2-UCI4723Q04A32, 3-UCI2424Q04A32, 4- UCI5224Q04A32	
20250616M203BICANRen34		BICAN	6/16/2025	human brain	codebook_0_HuBrainBICAN1K_D2M2006.csv	960 genes	1000 genes V2 - 2240211202510160021716, Lot# 25052814	Watermelon Z Drive, merfish16		Watermelon Z Drive, merfish16						0:00:00		BICAN Sample ID: BICAN 4x1 A24.Q.06. 1-UWA7648Q06A24, 2-UCI4723Q06A24, 3-UCI2424Q06A24, 4- UCI5224Q06A24	
20250619M204BICANRen35		BICAN	6/19/2025	human brain	codebook_0_BICAN-BGC_D2P2238.csv	926 genes	1000 genes V2 -, Lot#	HoneydewUltra, merfish14		HoneydewUltra, merfish14			233.08 mm²			0:00:00		BICAN Sample ID: BICAN 4x1 CaH.Q.06. 1-UWA7648Q06CaH, 2-UCI4723Q06CaH, 3-UCI2424Q06CaH, 4- UCI5224Q06CaH	
20250619M205BICANRen36		BICAN	6/19/2025	human brain	codebook_0_BICAN-BGC_D2P2238.csv	926 genes	1000 genes V2 -, Lot#	Watermelon Z Drive, merfish16		Watermelon Z Drive, merfish16			206.74 mm²			0:00:00		BICAN Sample ID: BICAN 4x1 Pu.Q.02. 1-UWA7648Q02Pu, 2-UCI4723Q02Pu, 3-UCI2424Q02Pu, 4- UCI5224Q02Pu	
20250622M206BICANRen37		BICAN	6/22/2025	human brain	codebook_0_BICAN-BGC_D2P2238.csv	926 genes	1000 genes V2 -, Lot#	HoneydewUltra, merfish14		HoneydewUltra, merfish14			161.97 mm²			0:00:00		BICAN Sample ID: BICAN 4x1 GP.Q.04. 1-UWA7648Q04GP, 2-UCI4723Q04GP, 3-UCI2424Q04GP, 4- UCI5224Q04GP	
20250622M207BICANRen38		BICAN	6/22/2025	human brain	codebook_0_BICAN-BGC_D2P2238.csv	926 genes	1000 genes V2 -, Lot#	Watermelon Z Drive, merfish16		Watermelon Z Drive, merfish16			179.92 mm²			0:00:00		BICAN Sample ID: BICAN 4x1 CaB.Q.02. 1-UWA7648Q02CaB, 2-UCI4723Q02CaB, 3-UCI2424Q02CaB, 4- UCI5224Q02CaB	
20250627M208BICANRen39		BICAN	6/27/2025	human brain	codebook_0_BICAN-BGC_D2P2238.csv	926 genes	1000 genes V2 -, Lot#	HoneydewUltra, merfish14		HoneydewUltra, merfish14			192.39 mm²			0:00:00		BICAN Sample ID: BICAN 4x1 MGM1.Q.02. 1-UWA7648Q02MGM1, 2-UCI4723Q02MGM1, 3-UCI2424Q02MGM1, 4- UCI5224Q02MGM1	
20250701M209SenTMusLiver		SenNet	7/1/2025	mouse liver	codebook_0_SenNetV2_B2P2153.csv	306 genes	300 gene V2 - 2220209202510030021277, Lot# 25040822	Imaged on MERSCOPE Ultra from Ecker Lab (Salk). Instrument ID N00003602. transferred to merfish 15, 'Ecker_MERSCOPE_250714'					198.04 mm²	7/1/2025 13:09	7/3/2025 17:00	51:51:00		Mus Liver 2935GF + 2945OF + 2946OF + 2951YF + 2749dYM	
20250630M210BICANRen40		BICAN	6/30/2025	human brain	codebook_0_BICAN-BGC_D2P2238.csv	926 genes	1000 genes V2 -, Lot#	HoneydewUltra, merfish14		HoneydewUltra, merfish14			217.25 mm²			0:00:00		BICAN Sample ID: BICAN 4x1 NAC.Q.04. 1-UWA7648Q04NAC, 2-UCI4723Q04NAC, 3-UCI2424Q04NAC, 4- UCI5224Q04NAC	
20250704M211BICANRen41		BICAN	7/4/2025	human brain	codebook_0_BICAN-BGC_D2P2238.csv	926 genes	1000 genes V2 - 2240219202512030022056, Lot# 25062412	HoneydewUltra, merfish14		HoneydewUltra, merfish14			110.78 mm²			0:00:00		BICAN Sample ID: BICAN 4x1 SubTH.Q.04. 1-UWA7648Q04SubTH, 2-UCI4723Q04SubTH, 3-UCI2424Q04SubTH, 4- UCI5224Q04SubTH	
20250707M212BICANRen42		BICAN	7/7/2025	human brain	codebook_0_BICAN-BGC_D2P2238.csv	926 genes	1000 genes V2 - 2240219202512030022052, Lot# 25062412	HoneydewUltra, merfish14		HoneydewUltra, merfish14			117.91 mm²			0:00:00		BICAN Sample ID: BICAN 4x1 CaT.Q.02. 2-UCI4723Q02CaT, 3-UCI2424Q02CaT, 4- UCI5224Q02CaT	
20250718M213BICANRen43		BICAN	7/18/2025	human brain	codebook_0_HuBrainBICAN1K_D2M2006.csv	960 genes	1000 genes V2 - 2240219202512030022048, Lot# 25062512	HoneydewUltra, merfish14		HoneydewUltra, merfish14						0:00:00		BICAN Sample ID: BICAN 4x1 A10.Q.06. 1-UWA7648Q06A10, 2-UCI4723Q06A10, 3-UCI2424Q06A10, 4- UCI5224Q06A10	
20250718M214BICANRen44		BICAN	7/18/2025	human brain	codebook_0_HuBrainBICAN1K_D2M2006.csv	960 genes	1000 genes V2 - 2240219202512030022060, Lot# 25062512	Watermelon Z Drive, merfish16		Watermelon Z Drive, merfish16						0:00:00		BICAN Sample ID: BICAN 4x1 A44.Q.06. 1-UWA7648Q06A44, 2-UCI4723Q06A44, 3-UCI2424Q06A44, 4- UCI5224Q06A44	
20250724M215McCallMusHeart	SPA0065	McCall	7/24/2025	mouse heart	smFISH	Verification	Verification	WatermelonUltra					65.08 mm²	7/24/2025 14:35	7/24/2025 15:45	1:10:00		McCall lab from SDSU. Verification run for mouse heart using Verification Mouse panel. Samples: UNINF, INF1	
20250725M216BICANRen45		BICAN	7/25/2025	human brain	codebook_0_HuBrainBICAN1K_D2M2006.csv	960 genes	1000 genes V2 - 2240219202512030022053, Lot# 25062412	HoneydewUltra, merfish14		HoneydewUltra, merfish14						0:00:00		BICAN Sample ID: BICAN 4x1 A25.Q.04. 1-UWA7648Q04A25, 2-UCI4723Q04A25, 3-UCI2424Q04A25, 4- UCI5224Q04A25	
20250725M217BICANRen46		BICAN	7/25/2025	human brain	codebook_0_HuBrainBICAN1K_D2M2006.csv	960 genes	1000 genes V2 - 2240219202512030022063, Lot# 25062412	Watermelon Z Drive, merfish16		Watermelon Z Drive, merfish16						0:00:00		BICAN Sample ID: BICAN 4x1 A45.Q.04. 1-UWA7648Q04A45, 2-UCI4723Q04A45, 3-UCI2424Q04A45, 4- UCI5224Q04A45	
20250731M218McCallMusHeart	SPA0065	McCall	7/31/2025	mouse heart	smFISH	Verification	Verification	WatermelonUltra					66.72 mm²	7/31/2025 12:11	7/31/2025 13:21	1:10:00		McCall lab from SDSU. Verification run for mouse heart using Custom Verification panel ZM2280. Samples: UNINF, INF1	
20250801M219BICANRen47		BICAN	8/1/2025	human brain	codebook_0_HuBrainBICAN1K_D2M2006.csv	960 genes	1000 genes V2 - 2240219202512030022064, Lot# 25062412	HoneydewUltra, merfish14		HoneydewUltra, merfish14						0:00:00		BICAN Sample ID: BICAN 4x1 A38.Q.02. 1-UWA7648Q02A38, 2-UCI4723Q02A38, 3-UCI2424Q02A38, 4- UCI5224Q02A38	
20250801M220BICANRen48		BICAN	8/1/2025	human brain	codebook_0_HuBrainBICAN1K_D2M2006.csv	960 genes	1000 genes V2 - 2240219202512030022065, Lot# 25062412	Watermelon Z Drive, merfish16		Watermelon Z Drive, merfish16						0:00:00		BICAN Sample ID: BICAN 4x1 S1C.E.03. 1-UWA7648E03S1C, 2-UCI4723E03S1C, 3-UCI2424E03S1C, 4- UCI5224E03S1C	
20250808M221SenTMusLiver		SenNet	8/8/2025	mouse liver	codebook_0_SenNetV2_B2P2153.csv	306 genes	300 gene V2 - 2220211202510010021675, Lot# 25051607	WatermelonUltra					239.35 mm²	8/8/2025 12:30	8/10/2025 22:03	57:33:00		Mus Liver 2423OM + 2425YM + 2431OM + 2421YM + 2439OM + 2749eYM	
20250808M222BICANRen49		BICAN	8/8/2025	human brain	codebook_0_HuBrainBICAN1K_D2M2006.csv	960 genes	1000 genes V2 - , Lot# 25062412	HoneydewUltra, merfish14		HoneydewUltra, merfish14			220.23 mm²			0:00:00		BICAN Sample ID: BICAN 4x1 A5.Q.06. 1-UWA7648Q06A5, 2-UCI4723Q06A5, 3-UCI2424Q06A5, 4- UCI5224Q06A5	
20250811M223BICANRen50		BICAN	8/11/2025	human brain	codebook_0_HuBrainBICAN1K_D2M2006.csv	960 genes	1000 genes V2 - , Lot# 25062412	Watermelon Z Drive, merfish16		Watermelon Z Drive, merfish16			248.21 mm²			0:00:00		BICAN Sample ID: BICAN 4x1 A7.E.03. 1-UWA7648E03A7, 2-UCI4723E03A7, 3-UCI2424E03A7, 4- UCI5224E03A7	
20250815M224BICANRen51		BICAN	8/15/2025	human brain	codebook_0_HuBrainBICAN1K_D2M2006.csv	960 genes	1000 genes V2 - , Lot# 25062412	HoneydewUltra, merfish14		HoneydewUltra, merfish14			198.91 mm²			0:00:00		BICAN Sample ID: BICAN 4x1 ITC.Q.04. 1-UWA7648Q04ITC, 2-UCI4723Q04ITC, 3-UCI2424Q04ITC, 4- UCI5224Q04ITC	
20250816M225BICANRen52		BICAN	8/16/2025	human brain	codebook_0_HuBrainBICAN1K_D2M2006.csv	960 genes	1000 genes V2 - , Lot# 25062412	Watermelon Z Drive, merfish16		Watermelon Z Drive, merfish16			202.90 mm²			0:00:00		BICAN Sample ID: BICAN 4x1 A1C.E.05. 1-UWA7648E05A1C, 2-UCI4723E05A1C, 3-UCI2424E05A1C, 4- UCI5224E05A1C	
20250822M226BICANRen53		BICAN	8/22/2025	human brain	codebook_0_HuBrainBICAN1K_D2M2006.csv	960 genes		HoneydewUltra, merfish14		HoneydewUltra, merfish14						0:00:00		BICAN Sample ID: BICAN 4x1 PPHC.Q.04. 1-UWA7648Q04PPHC, 2-UCI4723Q04PPHC, 3-UCI2424Q04PPHC, 4- UCI5224Q04PPHC	
20250822M227BICANRen54		BICAN	8/22/2025	human brain	codebook_0_HuBrainBICAN1K_D2M2006.csv	960 genes		Watermelon Z Drive, merfish16		Watermelon Z Drive, merfish16						0:00:00		BICAN Sample ID: BICAN 4x1 Idg.Q.02. 1-UWA7648Q02Idg, 2-UCI4723Q02Idg, 3-UCI2424Q02Idg, 4- UCI5224Q02Idg	
20250829M228SpitzerMusBrain	SPA0067	Spitzer	8/29/2025	mouse brain	smFISH	Verification	Verification	WatermelonUltra					216.94 mm²	8/29/2025 12:45	8/29/2025 15:00	2:15:00		Spitzer lab from UCSD. MERSCOPE verification assay on mouse brain from single mouse	
20250829M229BICANRen55		BICAN	8/29/2025	human brain	codebook_0_HuBrainBICAN1K_D2M2006.csv	960 genes	1000 genes V2 - , Lot# 25062412	HoneydewUltra, merfish14		HoneydewUltra, merfish14			160.32 mm²			0:00:00		BICAN Sample ID: BICAN 4x1 Ig.Q.06. 1-UWA7648Q06Ig, 2-UCI4723Q06Ig, 3-UCI2424Q06Ig, 4- UCI5224Q06Ig	
20250902M230BICANRen56		BICAN	9/2/2025	human brain	codebook_0_HuBrainBICAN1K_D2M2006.csv	960 genes	1000 genes V2 - , Lot# 25062412	HoneydewUltra, merfish14		HoneydewUltra, merfish14			190.91 mm²			0:00:00		BICAN Sample ID: BICAN 4x1 Pro.Q.06. 1-UWA7648Q06Pro, 2-UCI4723Q06Pro, 3-UCI2424Q06Pro, 4- UCI5224Q06Pro	
20250908M231BICANRen57		BICAN	9/8/2025	human brain	codebook_0_HuBrainBICAN1K_D2M2006.csv	960 genes	1000 genes V2 - , Lot# 25062412	HoneydewUltra, merfish14		HoneydewUltra, merfish14			179.54 mm²			0:00:00		BICAN Sample ID: BICAN 4x1 PSC.01.Q.02. 1-UWA7648Q02PSC01, 2-UCI4723Q02PSC01, 3-UCI2424Q02PSC01, 4- UCI5224Q02PSC01	
20250908M232BICANRen58		BICAN	9/8/2025	human brain	codebook_0_HuBrainBICAN1K_D2M2006.csv	960 genes	1000 genes V2 - , Lot# 25062412	Watermelon Z Drive, merfish16		Watermelon Z Drive, merfish16			113.76 mm²			0:00:00		BICAN Sample ID: BICAN 4x1 V2.Q.04. 1-UWA7648Q04V2, 2-UCI4723Q04V2, 3-UCI2424Q04V2, 4- UCI5224Q04V2	
20250912M233BICANRen59		BICAN	9/12/2025	human brain	codebook_0_HuBrainBICAN1K_D2M2006.csv	960 genes	1000 genes V2 - , Lot# 25062412	HoneydewUltra, merfish14		HoneydewUltra, merfish14			170.13 mm²			0:00:00		BICAN Sample ID: BICAN 4x1 PSC.02.Q.06. 1-UWA7648Q06PSC02, 2-UCI4723Q06PSC02, 3-UCI2424Q06PSC02, 4- UCI5224Q06PSC02	
20250915M234SpitzerMusBrain	SPA0069	Spitzer	9/15/2025	mouse brain	codebook_0_300_B2P2240.csv	300 genes	300 gene V2 - 2220216202512040022246	WatermelonUltra						9/15/2025 12:27	9/17/2025 6:35	42:08:00		Spitzer lab from UCSD. MERSCOPE assay on multiple sections from two mice, PCP 9-10-25 and Saline 9-10-25	
20250919M235SenTMusLiver		SenNet	9/19/2025	mouse liver	codebook_0_SenNetV2_B2P2153.csv	306 genes	Can be found in 'experiment.json' and 'report.html'	HoneydewUltra										Mus Liver 3041aYM + 3025YF + 3030OF + 2936GF + 2938GF, original slide	
20250919M236SenTMusLiver		SenNet	9/19/2025	mouse liver	codebook_0_SenNetV2_B2P2153.csv	306 genes	Can be found in 'experiment.json' and 'report.html'	WatermelonUltra										Mus Liver 3041aYM + 3025YF + 3030OF + 2936GF + 2938GF, beta test slide	
20250926M237SpitzerMusBrain	SPA0069	Spitzer	9/26/2025	mouse brain	codebook_0_300_B2P2240.csv	300 genes	Can be found in 'experiment.json' and 'report.html'	HoneydewUltra					285.37 mm²					Spitzer lab from UCSD. MERSCOPE assay on multiple sections from two mice, PCP 9-19-25 and Saline 9-19-25	
20250929M238BICANAb		BICAN	9/29/2025	human brain	Protein Verification	Verification	Verification	HoneydewUltra										BICAN human brain ITC sample Q02. map2 and dnmt3a ab staining	
20250929M239BICANAb		BICAN	9/29/2025	human brain	Protein Verification	Verification	Verification	WatermelonUltra										BICAN human brain ITC sample Q06. tet2 ab stain	
20251003M240SpitzerMusBrain	SPA0069	Spitzer	10/3/2025	mouse brain	codebook_0_300_B2P2240.csv	300 genes	Can be found in 'experiment.json' and 'report.html'	HoneydewUltra										Spitzer lab from UCSD. MERSCOPE assay on multiple sections from two mice, PCP 9-26-25 and Saline 9-26-25	
20251010M241SpitzerMusBrain	SPA0069	Spitzer	10/10/2025	mouse brain	codebook_0_300_B2P2240.csv	300 genes	Can be found in 'experiment.json' and 'report.html'	HoneydewUltra					276.98 mm²					Spitzer lab from UCSD. MERSCOPE assay on multiple sections from two mice, PCP 10-3-25 and Saline 10-3-25	
20251010M242BICANRen60		BICAN	10/10/2025	human brain	codebook_0_BICAN-HIP_D2P2484.csv	966 genes	1000 genes V2 - 2240211202510160021699, Lot# 25062412	Watermelon Z Drive, merfish16		Watermelon Z Drive, merfish16			143.24 mm²					BICAN Sample ID: BICAN 4x1 LEC.Q.06. 1-UWA7648Q06LEC, 2-UCI4723Q06LEC, 3-UCI2424Q06LEC, 4- UCI5224Q06LEC	
20251013M243BICANAb		BICAN	10/13/2025	human brain	Protein Verification	Verification	Verification	HoneydewUltra										BICAN human brain A5 sample E03. H3K9me3 and DNMT3A ab staining	
20251014M244BICANAb		BICAN	10/14/2025	human brain	Protein Verification	Verification	Verification	HoneydewUltra										BICAN human brain A5 sample E05. DNMT3A ab staining	
20251017M245SpitzerMusBrain	SPA0069	Spitzer	10/17/2025	mouse brain	codebook_0_300_B2P2240.csv	300 genes	Can be found in 'experiment.json' and 'report.html'	HoneydewUltra										Spitzer lab from UCSD. MERSCOPE assay on multiple sections from two mice, PCP 10-10-25 and Saline 10-10-25	
20251017M246BICANRen61		BICAN	10/17/2025	human brain	codebook_0_BICAN-HIP_D2P2484.csv	966 genes	1000 genes V2 - 2240219202512030022054, Lot# 25062412	Watermelon Z Drive, merfish16		Watermelon Z Drive, merfish16			182.99 mm²					BICAN Sample ID: BICAN 4x1 HIPr.Q.04. 1-UWA7648Q04HIPr, 2-UCI4723Q04HIPr, 3-UCI2424Q04HIPr, 4- UCI5224Q04HIPr	
20251024M247BICANAb		BICAN	10/24/2025	human brain	Protein Verification	Verification	Verification	HoneydewUltra										BICAN human brain Putamen sample Q04. Mouse anti-DNMT3A ab staining	
20251024M248BICANAb		BICAN	10/24/2025	human brain	Protein Verification	Verification	Verification	WatermelonUltra										BICAN human brain Putamen sample Q06. Rabbit anti-DNMT3A ab staining	
20251031M249BICANRen62		BICAN	10/31/2025	human brain	codebook_0_BICAN-HIP_D2P2484.csv	966 genes	1000 genes V2 - 2240219202512030022067, Lot# 25062412	Watermelon Z Drive, merfish16		Watermelon Z Drive, merfish16			157.67 mm²					BICAN Sample ID: BICAN 4x1 MEC.Q.06. 1-UWA7648Q06MEC, 2-UCI4723Q06MEC, 3-UCI2424Q06MEC, 4- UCI5224Q06MEC	
20251107M250SenTMusBrain	SPA0070	SenNet	11/7/2025	mouse brain	codebook_0_SenNetV2_B2P2153.csv	306 genes	Can be found in 'experiment.json' and 'report.html'	WatermelonUltra					149.36 mm²					Mus Brain 2894YM + 2899OM + 2905GM + 2907GM + 2911GM + Mus Liver 3041bYM	
20251107M251BICANRen64		BICAN	11/7/2025	human brain	codebook_0_BICAN-HIP_D2P2484.csv	966 genes	1000 genes V2 - 2240219202512030022059, Lot# 25062412	HoneydewUltra					145.43 mm²					BICAN Sample ID: BICAN 4x1 HIPu.Q.06. 1-UWA7648Q06HIPu, 2-UCI4723Q06HIPu, 3-UCI2424Q06HIPu, 4- UCI5224Q06HIPu	
20251109M252SenTMusBrain		SenNet	11/9/2025	mouse brain	codebook_0_SenNetV2_B2P2153.csv	306 genes	Can be found in 'experiment.json' and 'report.html'	WatermelonUltra										Mus Brain 2894YM + 2899OM + 2905GM + 2907GM + 2911GM + Mus Liver 3041bYM. Imaged on beta v2.5 large slide	
20251110M253BICANRen63		BICAN	11/10/2025	human brain	codebook_0_BICAN-HIP_D2P2484.csv	966 genes	1000 genes V2 - 2240219202512030022070, Lot# 25062412	HoneydewUltra					200.47 mm²					BICAN Sample ID: BICAN 4x1 HIPc.Q.02. 1-UWA7648Q02HIPc, 2-UCI4723Q02HIPc, 3-UCI2424Q02HIPc, 4- UCI5224Q02HIPc	
20251114M254BICANRen65		BICAN	11/14/2025	human brain	codebook_0_BICAN-HIP_D2P2484.csv	966 genes	1001 genes V2 - 2240219202512030022073, Lot# 25062412	HoneydewUltra										BICAN Sample ID: BICAN 4x1 PaS-PrS.Q.04. 1-UWA7648Q04PaS, 2-UCI4723Q04PaS, 3-UCI2424Q04PaS, 4- UCI5224Q04PaS	
20251114M255BICANRen66		BICAN	11/14/2025	human brain	codebook_0_BICAN-HIP_D2P2484.csv	966 genes	1002 genes V2 - 2240219202512030022075, Lot# 25062412	WatermelonUltra										BICAN Sample ID: BICAN 4x1 SUBr.E.03. 1-UWA7648E03SUBr, 2-UCI4723E03SUBr, 3-UCI2424E03SUBr, 4- UCI5224E03SUBr	
20251121M256SenTMusColon	SPA0070	SenNet	11/21/2025	mouse colon	codebook_0_SenNetV2_B2P2153.csv	306 genes	Can be found in 'experiment.json' and 'report.html'	HoneydewUltra										Mus Colon 2894YM + 2895YM + 2899OM + 2907GM + 2945OF + 2949YF + Mus Liver 3041cYM (slide broke and couldn't be imaged)	
20251121M257SenTMusColon		SenNet	11/21/2025	mouse colon	codebook_0_SenNetV2_B2P2153.csv	306 genes	Can be found in 'experiment.json' and 'report.html'	WatermelonUltra - merfish16										Mus Colon 2895YM + 2899OM + 2907GM + 2945OF + 2949YF + Mus Liver 3041cYM, beta slide test v2.5	
20251126M258GlassMusBrain	SPA0072	Glass	11/26/2025	mouse brain	codebook_0_CGZY2v2_D2P2368.csv	1000 genes	Can be found in 'experiment.json' and 'report.html'	HoneydewUltra										Glass lab, Mitchell's mouse brain samples	
20251205M259SenTMusBrain	SPA0070	SenNet	12/5/2025	mouse brain	codebook_0_SenNetV2_B2P2153.csv	306 genes	Can be found in 'experiment.json' and 'report.html'	WatermelonUltra					160.24 mm²					Mus Brain 2935GF + 2936GF + 2938GF + 2945OF + 2949YF + Mus Liver 3041dYM	
20251210M260BICANAb		BICAN	12/10/2025	human brain	Protein Verification	Verification	Verification	HoneydewUltra					53.23 mm²					UWA.7648.CX18.PU Slide2. Rabbit anti-TET2 and mouse anti-TUJ1	
20251210M261BICANAb		BICAN	12/10/2025	human brain	Protein Verification	Verification	Verification	HoneydewUltra					55.74 mm²					UWA.7648.CX18.PU Slide3. Secondaries only (anti-mouse and anti-rabbit). NO primaries.	
20260130M262BICANRen67		BICAN	1/30/2026	human brain	codebook_0_BICAN-THM_D2P2618.csv	965 genes	1002 genes V2 - 2240226202603230022935, Lot# 25091608	HoneydewUltra					192.71 mm²					BICAN Sample ID: BICAN 4x1 THM1.Q.02. 1-UWA7648Q02THM1, 2-UCI4723Q02THM1, 3-UCI2424Q02THM1, 4- UCI5224Q02THM1	
20260130M263BICANRen68		BICAN	1/30/2026	human brain	codebook_0_BICAN-THM_D2P2618.csv	965 genes	1002 genes V2 - 2240226202603230022930, Lot# 25091608	WatermelonUltra					189.89 mm²					BICAN Sample ID: BICAN 4x1 THM2.Q.02. 1-UWA7648Q02THM2, 2-UCI4723Q02THM2, 3-UCI2424Q02THM2, 4- UCI5224Q02THM2	
20260206M264BICANRen69		BICAN	2/6/2026	human brain	codebook_0_BICAN-THM_D2P2618.csv	965 genes	1002 genes V2 - 2240226202603230022935, Lot# 25091608	HoneydewUltra					155.54 mm²					BICAN Sample ID: BICAN 4x1 THM3.E.05. 1-UWA7648E05THM3, 2-UCI4723E05THM3, 3-UCI2424E05THM3, 4- UCI5224E05THM3	
20260206M265BICANRen70		BICAN	2/6/2026	human brain	codebook_0_BICAN-THM_D2P2618.csv	965 genes	1002 genes V2 - 2240226202603230022930, Lot# 25091608	WatermelonUltra					180.87 mm²					BICAN Sample ID: BICAN 4x1 THM4.Q.06. 1-UWA7648Q06THM4, 2-UCI4723Q06THM4, 3-UCI2424Q06THM4, 4- UCI5224Q06THM4	
20260213M266BICANRen71		BICAN	2/13/2026	human brain	codebook_0_BICAN-THM_D2P2618.csv	965 genes	1002 genes V2 - , Lot# 25091608	HoneydewUltra										BICAN Sample ID: BICAN 4x1 THM5.Q.02. 1-UWA7648Q02THM5, 2-UCI4723Q02THM5, 3-UCI2424Q02THM5, 4- UCI5224Q02THM5	
20260213M267MusColon	SPA0076	SenNet	2/13/2026	mouse colon	smFISH	Verification	Verification	WatermelonUltra	HoneydewUltra				60.52 mm²					SenNet Mouse Colon verification run with new Clearing protocol. 3041YM mouse liver and 2935GF mouse colon	
20260322M268SenTMusColon	SPA0076	SenNet	3/22/2026	mouse colon	codebook_0_SenNetV2_B2P2153.csv	306 genes	Can be found in 'experiment.json' and 'report.html'	HoneydewUltra					104.28 mm²					Mus Colon 2936GF + 2896YM + 2900OM + 2905GM + 2950YF + Mus Liver 3042bYM	
20260327M269BICANRen72		BICAN	3/27/2026	human brain	codebook_0_HuBrainBICAN1K_D2M2006.csv	960 genes	1000 genes V2 - , Lot# 	HoneydewUltra										BICAN Sample ID: BICAN 4x1 MTC.Q.06. 1-UWA7648Q06MTC, 2-UCI4723Q06MTC, 3-UCI2424Q06MTC, 4- UCI5224Q06MTC REDO	
20260417M270SenTMusColon	SPA0076	SenNet	4/17/2026	mouse colon	codebook_0_SenNetV2_B2P2153.csv	306 genes	Can be found in 'experiment.json' and 'report.html'	WatermelonUltra					144.00 mm²					Mus Colon 3030OF + 2902OM + 2911GM + 2938GF + 2897YM + Mus Liver 3042cYM	
20260424M271ChengHumAdipose	SPA0074	Cheng	4/24/2026	human adipose	smFISH	Verification	Verification	WatermelonUltra					47.91 mm²					Sarah Cheng's human adipose tissue from eye orbital. Sectioned by Hannah on 4/17/2026	
20260508M272SenTMusColonLiver	SPA0082	SenNet	5/8/2026	mouse colon and liver	codebook_0_SenNetV2_B2P2153.csv	306 genes	Can be found in 'experiment.json' and 'report.html'	WatermelonUltra									Failed experiment. Vizgen said something happened with the GIK	Mus Colon 2940GF + 3031OF + 2952YF + Mus Liver 3042dYM + 2952YF + 2680OM	
20260515M273BICANRen73		BICAN	5/15/2026	human brain	codebook_0_BICAN-CB_D2P2750.csv	966 genes	1002 genes V2 - 2240226202603230022937, Lot# 25091608	HoneydewUltra					154.76 mm²					BICAN Sample ID: BICAN 4x1 VePo.Q.04. 1-UWA7648Q04VePo, 2-UCI4723Q04VePo, 3-UCI2424Q04VePo, 4- UCI5224Q04VePo	
20260515M274BICANRen74		BICAN	5/15/2026	human brain	codebook_0_BICAN-CB_D2P2750.csv	966 genes	1002 genes V2 - 2240226202603230022924, Lot# 25091608	WatermelonUltra					187.85 mm²					BICAN Sample ID: BICAN 4x1 CbDN.Q.04. 1-UWA7648Q04CbDN, 2-UCI4723Q04CbDN, 3-UCI2424Q04CbDN, 4- UCI5224Q04CbDN	
20260518M275GlassMusBrain	SPA0079	Glass	5/18/2026	mouse brain	codebook_0_CGZY2v2_D2P2368.csv	1000 genes	Can be found in 'experiment.json' and 'report.html'	HoneydewUltra										Glass lab, Mitchell's mouse brain samples. PBS, 6hrs, 1hrs	
20260522M276BICANRen75		BICAN	5/22/2026	human brain	codebook_0_BICAN-CB_D2P2750.csv	966 genes	2240226202603230022941	WatermelonUltra					164.17 mm²					BICAN Sample ID: BICAN 4x1 VeA.Q.06. 1-UWA7648Q06VeA, 2-UCI4723Q06VeA, 3-UCI2424Q06VeA, 4- UCI5224Q06VeA	
20260522M277BICANRen76		BICAN	5/22/2026	human brain	codebook_0_BICAN-CB_D2P2750.csv	966 genes		HoneydewUltra					173.10 mm²					BICAN Sample ID: BICAN 4x1 CBLA.Q.04. 1-UWA7648Q04CBLA, 2-UCI4723Q04CBLA, 3-UCI2424Q04CBLA, 4- UCI5224Q04CBLA	
20260531M278BICANRen77		BICAN	5/31/2026	human brain	codebook_0_BICAN-CB_D2P2750.csv	966 genes	2240226202603230022906, Lot# 25091607	HoneydewUltra					165.26 mm²					BICAN Sample ID: BICAN 4x1 VeA.E.03. 1-UWA7648E03VeA, 2-UCI4723E03VeA, 3-UCI2424E03VeA, 4- UCI5224E03VeA	
20260601M279BICANRen78		BICAN	6/1/2026	human brain	codebook_0_BICAN-CB_D2P2750.csv	966 genes	2240226202603230022898, Lot# 25091607	WatermelonUltra					199.53 mm²					BICAN Sample ID: BICAN 4x1 PVP.Q.08. 1-UWA7648Q08PVP, 2-UCI4723Q08PVP, 3-UCI2424Q08PVP, 4- UCI5224Q08PVP	
20260603M280BICANRen79		BICAN	6/3/2026	human brain	codebook_0_BICAN-CB_D2P2750.csv	966 genes	2240226202603230022884, Lot# 25091607	HoneydewUltra					208.62 mm²					BICAN Sample ID: BICAN 4x1 PVA.Q.02. 1-UWA7648Q02PVA, 2-UCI4723Q02PVA, 3-UCI2424Q02PVA, 4- UCI5224Q02PVA	
20260610M281SenTMusColonLiver	SPA0082	SenNet	6/10/2026	mouse colon and liver	codebook_0_SenNetV2_B2P2153.csv	306 genes	Can be found in 'experiment.json' and 'report.html'	WatermelonUltra										Mus Colon 2941GF + 3025YF + 3033OF + Mus Liver 2681OM + 2950YF + 3042eYM	
20260612M282GlassMusBrain	SPA0080	Glass	6/12/2026	mouse brain	codebook_0_CGZY2v2_D2P2368.csv	1000 genes	Can be found in 'experiment.json' and 'report.html'	HoneydewUltra										Glass lab, Mitchell's mouse brain samples. 1018, 1026, 1073, 1076	
20260619M283BICANRen80		BICAN	6/19/2026	human brain	codebook_0_BICAN-CB_D2P2750.csv	966 genes	2240226202603230022939, Lot# 25091608	HoneydewUltra					172.94 mm²					BICAN Sample ID: BICAN 4x1 VeF.Q.06. 1-UWA7648Q06VeF, 2-UCI4723Q06VeF, 3-UCI2424Q06VeF, 4- UCI5224Q06VeF	
20260619M284BICANRen81		BICAN	6/19/2026	human brain	codebook_0_BICAN-CB_D2P2750.csv	966 genes	2240226202603230022888, Lot# 25091607	WatermelonUltra					223.84 mm²					BICAN Sample ID: BICAN 4x1 CBLP.Q.06. 1-UWA7648Q06CBLP, 2-UCI4723Q06CBLP, 3-UCI2424Q06CBLP, 4- UCI5224Q06CBLP	
20260626M285SpitzerMusBrainExp2	SPA0081	Spitzer	6/26/2026	mouse brain	codebook_0_300mcherry_B2P2697.csv	301 genes	Can be found in 'experiment.json' and 'report.html'	HoneydewUltra					286.79 mm²					Spitzer mouse brain, PCP and saline. Experiment 2	
20260626M286SpitzerMusBrainExp3	SPA0081	Spitzer	6/26/2026	mouse brain	codebook_0_300mcherry_B2P2697.csv	301 genes	Can be found in 'experiment.json' and 'report.html'	WatermelonUltra					295.42 mm²					Spitzer mouse brain, PCP and saline. Experiment 3	
20260703M287BICANRen82		BICAN	7/3/2026	human brain	codebook_0_BICAN-MDB_D2P2810.csv	966 genes	2240226202603230022882, Lot# 25091607	HoneydewUltra					127.71 mm²					BICAN Sample ID: BICAN 4x1 MGM2 (PP, SC).E.03. 1-UWA7648E03MGM2, 2-UCI4723E03MGM2, 3-UCI2424E03MGM2, 4- UCI5224E03MGM2	
20260703M288BICANRen83		BICAN	7/3/2026	human brain	codebook_0_BICAN-MDB_D2P2810.csv	966 genes	2240226202603230022888, Lot# 25091607	WatermelonUltra					161.03 mm²					BICAN Sample ID: BICAN 4x1 MGM2 (DR, SC, PAG).Q.06. 1-UWA7648Q06MGM2, 2-UCI4723Q06MGM2, 3-UCI2424Q06MGM2, 4- UCI5224Q06MGM2	
20260706M289SpitzerMusBrainExp4		Spitzer	7/6/2026	mouse brain	codebook_0_300mcherry_B2P2697.csv	301 genes	2220241202703270025336, Lot# 26062518	HoneydewUltra					299.80 mm²					Spitzer mouse brain. Experiment 4	
20260706M290SpitzerMusBrainExp5		Spitzer	7/6/2026	mouse brain	codebook_0_300mcherry_B2P2697.csv	301 genes	2220241202703270025338, Lot# 26062518	WatermelonUltra					299.96 mm²					Spitzer mouse brain. Experiment 5	
20260709M291SpitzerMusBrainExp6		Spitzer	7/9/2026	mouse brain	codebook_0_300mcherry_B2P2697.csv	301 genes	Can be found in 'experiment.json' and 'report.html'	WatermelonUltra										Spitzer mouse brain, PCP and saline. Experiment 6	